,Bulbasaur,Ivysaur,Venusaur,Charmander,Charmeleon,Charizard,Squirtle,Wartortle,Blastoise,Caterpie,Metapod,Butterfree,Weedle,Kakuna,Beedrill,Pidgey,Pidgeotto,Pidgeot,Rattata,Raticate,Spearow,Fearow,Ekans,Arbok,Pikachu,Raichu,Sandshrew,Sandslash,Nidorina,Nidoqueen,Nidorino,Nidoking,Clefairy,Clefable,Vulpix,Ninetales,Jigglypuff,Wigglytuff,Zubat,Golbat,Oddish,Gloom,Vileplume,Paras,Parasect,Venonat,Venomoth,Diglett,Dugtrio,Meowth,Persian,Psyduck,Golduck,Mankey,Primeape,Growlithe,Arcanine,Poliwag,Poliwhirl,Poliwrath,Abra,Kadabra,Alakazam,Machop,Machoke,Machamp,Bellsprout,Weepinbell,Victreebel,Tentacool,Tentacruel,Geodude,Graveler,Golem,Ponyta,Rapidash,Slowpoke,Slowbro,Magnemite,Magneton,Doduo,Dodrio,Seel,Dewgong,Grimer,Muk,Shellder,Cloyster,Gastly,Haunter,Gengar,Onix,Drowzee,Hypno,Krabby,Kingler,Voltorb,Electrode,Exeggcute,Exeggutor,Cubone,Marowak,Hitmonlee,Hitmonchan,Lickitung,Koffing,Weezing,Rhyhorn,Rhydon,Chansey,Tangela,Kangaskhan,Horsea,Seadra,Goldeen,Seaking,Staryu,Starmie,Scyther,Jynx,Electabuzz,Magmar,Pinsir,Tauros,Magikarp,Gyarados,Lapras,Ditto,Eevee,Vaporeon,Jolteon,Flareon,Porygon,Omanyte,Omastar,Kabuto,Kabutops,Aerodactyl,Snorlax,Articuno,Zapdos,Moltres,Dratini,Dragonair,Dragonite,Mewtwo,Mew
Bulbasaur,0.5,0,0,0,0,0,1,1,1,0,0,0,0,0,0,0,0,0,1,0,0,0,0,0,1,1,0,0,0,0,0,0,1,1,0,0,1,1,0,0,0,0,0,1,1,0,0,1,1,0.2,0,1,1,1,1,0,0,1,1,1,0,0,0,1,0,0,0,0,0,0,0,0,0,0,0,0,0,0,0,0,0,0,1,0,0,0,1,1,0,0,0,1,0,0,1,1,1,1,1,0,0,0,1,1,0,0,0,0,0,0,1,0,1,1,1,1,1,1,0,0,1,0,0,0,1,0,0,0,0,1,1,0,0,1,1,1,1,0,0,0,0,0,0,0,0,0,0
Ivysaur,1,0.5,0,0,0,0,1,1,1,0,0,0,0,0,0,0,0,0,1,1,0,0,0,0,1,1,1,0,0,0,0,0,1,1,0,0,1,1,0,0,1,0,0,1,1,0,0,1,1,1,0,1,1,1,1,0,0,1,1,1,0,0,0,1,1,1,1,0,0,1,0,1,0.8,0,0,0,1,0.9,0,0,0,0,1,1,0,0,1,1,0,0,0,1,0,0,1,1,1,1,1,1,1,0,1,1,0,0,0,0,0,0,1,0,1,1,1,1,1,1,0,0,1,0,0,0,1,0,0,0.9,0.7,1,1,0,0,1,1,1,1,0,0,0,0,0,0,0,0,0,0
Venusaur,1,1,0.5,0,0,0,1,1,1,0,0,0,0,0,0,0,0,0,1,1,0,0,0,0,1,1,1,0.6,0,0,0,0,1,1,0,0,1,1,0,0,1,1,1,1,1,0,0,1,1,1,1,1,1,1,1,0,0,1,1,1,1,0.4,0,1,1,1,1,1,0.5,1,0,1,1,0,0,0,1,1,0,0,0,0,1,1,0,0,1,1,0,0,0,1,0,0,1,1,1,1,1,1,1,1,1,1,0,0,0,0,0,0,1,0,1,1,1,1,1,1,0,0,1,0,0,0.7,1,0,1,1,1,1,1,0,1,1,1,1,1,0,0,0,0,0,0,0,0,0,0
Charmander,1,1,1,0.5,0,0,0,0,0,1,1,1,1,1,1,0.1,0,0,0.9,0,0.1,0,0.9,0,0.8,0,0,0,0,0,0,0,0.8,0,0,0,0,0,0,0,1,1,1,1,1,1,1,0.8,0,0.1,0,0,0,0,0,0,0,0,0,0,1,0,0,0,0,0,1,1,1,0,0,0,0,0,0,0,0,0,1,1,0.6,0,0,0,0,0,0,0,0.8,0,0,0,0,0,0,0,0,0,1,1,0,0,0,0,0,0,0,0,0,0,1,0,0,0,0,0,0,0,1,1,0,0,1,0,0,0,0,0,0,0,0,0,0,0,0,0,0,0,0,1,0,0,0,0,0,0,0
Charmeleon,1,1,1,1,0.5,0,0,0,0,1,1,1,1,1,1,0.9,0,0,1,0.6,0.8,0,1,0,1,0,0,0,0,0,0,0,1,0.8,0,0,1,0,0.8,0,1,1,1,1,1,1,1,1,0,1,0,0,0,0.7,0,1,0,0,0,0,1,0.9,1,0,0,0,1,1,1,0,0,0,0,0,0.7,0,0,0,1,1,1,0,0,0,0,0,0,0.8,1,1,0,0,0,0,0,0,0.7,0,1,1,0,0,0.6,0.4,0,0.7,0,0,0,0,1,0,0,0,0,0,0,0,1,1,0,0,1,0,0,0,0,0.8,0.4,0,0,0,0,0,0,0,0,0,0,1,0,0,0,0,0,0,0
Charizard,1,1,1,1,1,0.5,0,0,0,1,1,1,1,1,1,1,1,0,1,1,1,0.9,1,0.8,0,0,1,1,1,1,0.9,1,1,1,0,0,1,1,1,0.6,1,1,1,1,1,1,1,1,1,1,0.9,0,0,1,1,1,0,0,0,0,1,1,1,1,1,1,1,1,1,0,0,1,1,1,1,1,0,0,1,0,1,0.7,0,0,0,0,0,0,1,1,1,1,1,0,0,0,0,0,1,1,1,1,1,1,0,1,1,1,1,0,1,0,0,0,0,0,0,0,1,1,0,1,1,0.5,0,0,0,1,1,0,0,0,1,0,0,0,0,0,0,1,0,0,0,0,0,0,0
Squirtle,0,0,0,1,1,1,0.5,0,0,0,0,0,0,0,0,0.3,0,0,1,0,0.3,0,1,0,0,0,1,0.6,0,0,0,0,0,0,1,1,0,0,0.2,0,0,0,0,0,0,0,0,1,1,0.2,0,0,0,0.1,0,1,1,0,0,0,1,0.1,0,0,0,0,0,0,0,0,0,1,1,1,1,1,0,0,1,0,1,0,0,0,0,0,1,1,1,0,0,1,0,0,1,0,0,0,0,0,1,1,0,0,0,0.1,0,1,1,0,0,0,1,0,0,0,1,0,0,1,0,1,0,0,1,0,0,0,0,0,0,1,0,1,1,1,1,0,0,0,0,1,0,0,0,0,0
Wartortle,0,0,0,1,1,1,1,0.5,0,1,0.9,0.1,1,1,0,1,0,0,1,1,1,0,1,0,0,0,1,1,0,1,0,0.8,0,0,1,1,0,0,0.9,0,0,0,0,0,0,0,0,1,1,1,0,1,0,0.8,0,1,1,0,0,0,1,0.9,0.9,0,0,0,0,0,0,1,0,1,1,1,1,1,0,0,1,1,1,0,0,1,0,0,1,1,1,1,0,1,0,0,1,0.8,0,0,0,0,1,1,0.7,0.9,0,1,0,1,1,0,0,0,1,0.8,1,0,1,0,0,1,0,1,0,0,1,0,0,0.9,1,0,0,1,0,1,1,1,1,0.8,0,1,0,1,0,0,0,0,0
Blastoise,0,0,0,1,1,1,1,1,0.5,1,1,1,1,1,0.9,1,1,0,1,1,1,1,1,1,0.9,0,1,1,1,1,1,1,1,0,1,1,0,0,1,0.7,0,0,0,0,0,1,1,1,1,1,1,1,0,1,1,1,1,0,0,0,1,1,1,0.9,0,0,0,0,0,1,0,1,1,1,1,1,0,0,1,1,1,0.9,1,1,0.1,0,1,1,1,1,1,1,1,0,1,1,0,0,0,0,1,1,1,1,0,1,0.9,1,1,0,0,0,1,1,1,0,1,1,1,1,0,1,0.9,0.6,1,0,0,1,1,0,0,1,1,1,1,1,1,1,0,1,0,1,0,0,0,0,0
Caterpie,1,1,0,0,0,0,0,0,0,0.5,0,0,0,0,0,0,0,0,1,0,0,0,0,0,1,0,1,0.6,0,0,0,0,0,0,0,0,0,0,0,0,1,1,0.4,1,1,0,0,1,1,0,0,0,0,0,0,0,0,0.1,0,0,1,1,1,0,0,0,1,1,0,0,0,0,0,0,0,0,0,0,0,0,0,0,0,0,0,0,1,0,0,0,0,1,1,0,1,0,0,0,1,1,1,1,0,0,0,0,0,0,0,0,1,0,1,0,0,0,1,1,0,1,0,0,0,0,1,0,0,0,0,0,0,0,0,0,0,0,0,0,0,0,0,0,0,0,0,0,0
Metapod,1,1,1,0,0,0,0,0,0,0,0.5,0,0,0,0,0,0,0,1,0,0,0,0,0,1,0,1,1,0,0,0,0,0,0,0,0,0,0,0,0,1,1,1,1,1,0,0,1,1,0,0,0,0,1,0,0,0,0,0,0,1,1,1,0,0,0,1,1,1,0,0,0,0,0,0,0,0,0,0,0,0,0,0,0,0,0,1,0,0,0,0,1,1,0,1,0,0,0,1,1,1,1,0,0,0,0,0,0,0,0,1,0,1,0,0,0,1,1,0,1,0,0,0,0,1,0,0,0,0,0,0,0,0,0,0,0,0,0,0,0,0,0,0,0,0,0,0
Butterfree,1,1,1,0,0,0,0.9,0,0,1,1,0.5,1,1,1,0,0,0,1,0.8,0,0,0,0,0,0,1,1,0,1,0,1,0,0,0,0,0,0,0,0,1,1,1,1,1,1,1,1,1,1,0,0.9,0,1,1,0,0,1,0,1,1,1,1,1,1,1,1,1,1,0,0,1,1,1,0,0,1,1,0,0,0,0,0,0,0,0,1,0,0,0,0,1,1,1,1,0.7,0,0,1,1,1,1,1,1,0,0,0,1,1,0,1,0,1,0.8,1,0,1,1,0,0,0,0,1,0,1,0,0,1,0.8,0,0,0,0,0,0,0,0,0,0,0,0,0,0.9,0,0,0.9,1
Weedle,1,1,1,0,0,0,0,0,0,1,1,0,0.5,0,0,0,0,0,0.8,0,0,0,0,0,0.8,0,0,0,0,0,0,0,1,0,0,0,0,0,0,0,1,1,1,1,1,0,0,0.9,0,0,0,0,0,1,1,0,0,0,0,0,1,0.2,0,0.9,0,0,1,1,1,0,0,0,0,0,0,0,0,0,0,0,0,0,0,0,0,0,0.6,0,0,0,0,0,0,0,0.8,0,0,0,1,1,0,0,1,1,0,0,0,0,0,0,1,0,0.9,0,0,0,1,0,0,0,0,0,0.1,0,1,0,0,0,0,0,0,0,0,0,0,0,0,0,0,0,0,0,0,0,0,0,0
Kakuna,1,1,1,0,0,0,0,0,0,1,1,0,1,0.5,0,0,0,0,1,0,0,0,0,0,1,0,0,0,0,0,0,0,1,0,0,0,0,0,0,0,1,1,1,1,1,0,0,1,0,0,0,0,0,1,1,0,0,0,0,0,1,0.1,0,1,1,0,1,1,1,0,0,0,0,0,0,0,0,0,0,0,0,0,0,0,0,0,1,0,0,0,0,0,0,0,1,0,0.1,0,1,1,0,0,1,1,0,0,0,0,0,0,1,0,1,0,0,0,1,0,0,0,0,0,1,0,1,0,0,0,0,0,0,0,0,0,0,0,0,0,0,0,0,0,0,0,0,0,0
Beedrill,1,1,1,0,0,0,1,0.3,0,1,1,0,1,1,0.5,0,0,0,1,0.9,0,0,0,0,1,0,0,0,0,0,0,0,1,1,0,0,1,0,0,0,1,1,1,1,1,1,0,1,0,1,0,1,0,1,1,0,0,1,0,1,1,0.4,0,1,1,1,1,1,1,0,0,0,0,0,0,0,0,0,0,0,0,0,0,0,0,0,1,1,0,0,0,0,0,0,1,0.8,1,0,1,1,0,0,1,1,0,0,0,0,0,0,1,0,1,0.8,1,0,1,0,0,0,0,0,1,0,1,0,0,1,1,0,0,0,0,0,0,0,0,0,0,0,0,0,1,0,0,0,0
Pidgey,1,1,1,0.1,0,0,0,0,0,1,1,1,1,1,1,0.5,0,0,1,0,0.3,0,0.8,0,0,0,1,1,0,1,0,1,0,0,0.3,0,0,0,0.2,0,1,1,1,1,1,1,1,1,1,0.1,0,0,0,0.8,0.6,0,0,0,0,0,1,0.1,0,0.8,0,0,1,1,1,0.1,0,1,1,1,0,0,0,0,0,0,0.7,0,0,0,0,0,0.8,0,1,0,0,1,0,0,0.7,0,0,0,1,1,1,1,0.4,0.5,0,0,0,1,1,0,1,0,1,0,0,0,0.9,0,1,0,0,0,1,0,1,0,0,0,0,0,0,0,0,0,0,0,0,0,0,0,0,0,0,0,0,0,0
Pidgeotto,1,1,1,1,0.1,0,1,0,0,1,1,1,1,1,1,1,0.5,0,1,0.9,1,0,1,0,0,0,1,1,0,1,0,1,0,0,1,0,0,0,1,0,1,1,1,1,1,1,1,1,1,1,0,1,0,1,1,1,0,1,0,1,1,1,1,1,1,1,1,1,1,1,0,1,1,1,1,0,0,0,0,0,1,0,0,0,0,0,1,0,1,1,1,1,0.1,0,1,0.8,0,0,1,1,1,1,1,1,0,1,0,1,1,0,1,0,1,0.8,1,0,1,0,1,0,0,0,1,0,1,0,0,1,0.9,0,0,0,0,0,0,0,0,0,0,0,0,0,1,0,0,0,0
Pidgeot,1,1,1,1,1,0,1,1,0,1,1,1,1,1,1,1,1,0.5,1,1,1,1,1,1,0,0,1,1,1,1,1,1,1,0,1,0.9,0,0,1,0.9,1,1,1,1,1,1,1,1,1,1,1,1,0,1,1,1,0,1,1,1,1,1,1,1,1,1,1,1,1,1,0,1,1,1,1,1,0,0,0,0,1,1,1,0,0.1,0,1,0,1,1,1,1,1,0,1,1,0,0,1,1,1,1,1,1,0,1,1,1,1,0,1,0,1,1,1,0,1,1,1,0,0,1,1,0.6,1,0,0,1,1,0,0,1,1,0,0,0,0,0,0,0,0,0,1,1,0,0,0
Rattata,0,0,0,0,0,0,0,0,0,0,0,0,0,0,0,0,0,0,0.5,0,0,0,0,0,0,0,0,0,0,0,0,0,0,0,0,0,0,0,0,0,0,0,0,0,0,0,0,1,0,0,0,0,0,0,0,0,0,0,0,0,0,0,0,0,0,0,0,0,0,0,0,0,0,0,0,0,0,0,0,0,0,0,0,0,0,0,0,0,0,0,0,0,0,0,0,0,0,0,0,0,0,0,0,0,0,0,0,0,0,0,0,0,0,0,0,0,0,0,0,0,0,0,0,0,0.2,0,0,0,0,0,0,0,0,0,0,0,0,0,0,0,0,0,0,0,0,0,0
Raticate,0,0,0,0.7,0,0,0,0,0,0.1,0.2,0,0.4,0.2,0,0.3,0,0,1,0.5,0.7,0,1,0,1,0,0.1,0,0,0,0,0,0,0,0.9,0,0,0,0.4,0,0.7,0,0,1,0,0,0,1,1,0.2,0,0,0,0,0,0.1,0,0.3,0,0,1,0.5,0.2,0,0,0,0,0,0,0.5,0,0,0,0,0.1,0,0,0,0.2,0,1,0,0,0,0,0,1,0.1,1,1,0,0,0,0,1,0,0.4,0,0,0,0.3,0,0,0,0,0.3,0,0,0,0,0,0,1,0.1,0.1,0,1,0,0,0,0,0,0,0,1,0,0,0.1,0.2,0,0,0,0,0,0,0,0,0,0,0,0,0,0.3,0,0,0,0
Spearow,1,1,1,0.4,0,0,0,0,0,1,1,1,1,1,1,0.1,0,0,0.8,0,0.5,0,0.9,0,0,0,1,1,0,1,0,1,0,0,0.5,0,0,0,0.1,0,1,1,1,1,1,1,1,1,1,0.2,0,0,0,0.8,0.6,0,0,0.2,0,0,0.9,0.1,0,0.7,0,0,1,1,1,0.1,0,1,1,1,0,0,0,0,0,0,0.6,0,0,0,0,0,0.7,0,1,0,0,1,0,0,0.4,0,0,0,1,1,1,1,0.6,0.6,0,0,0,1,1,0,1,0,0.9,0,0,0,0.9,0,1,0,0,0,1,0,0.9,0,0,0,0,0,0,0,0,0,0,0,0,0,0,0,0,0,0,0,0,0,0
Fearow,1,1,1,1,0.2,0,1,0.1,0,1,1,1,1,1,1,1,0,0,1,0.9,1,0.5,1,0.1,0,0,1,1,0,1,0,1,0,0,1,0,0,0,1,0,1,1,1,1,1,1,1,1,1,1,0,1,0,1,1,1,0,1,0,1,1,1,0.9,1,1,1,1,1,1,1,0,1,1,1,1,0,0,0,0,0,1,0.1,0,0,0,0,1,0,1,1,1,1,0.3,0,1,0.7,0,0,1,1,1,1,1,1,0,1,0,1,1,0,1,0,1,0.9,1,0,1,0.1,1,0,0,0,1,0,1,0,0,1,0.8,0,0,0,0,0,0,0,0,0,0,0,0,0,1,0,0,0,0
Ekans,1,1,1,0,0,0,0,0,0,1,1,0,1,1,0.9,0,0,0,0,0,0,0,0.5,0,0,0,0,0,0,0,0,0,1,1,0,0,1,0,0,0,1,1,1,1,1,1,0,0,0,0,0,0,0,1,0,0,0,0,0,0,0,0,0,0,0,0,1,1,1,0,0,0,0,0,0,0,0,0,0,0,0,0,0,0,0,0,0,0,0,0,0,0,0,0,0,0,0,0,0,0,0,0,1,1,0,0,0,0,0,0,1,0,0,0,0,0,0,0,0,0,0,0,0,0,0.2,0,0,0,0,0,0,0,0,0,0,0,0,0,0,0,0,0,0,0,0,0,0
Arbok,1,1,1,1,0.4,0,1,0.1,0,1,1,1,1,1,1,1,0,0,1,1,1,0,1,0.5,1,0,0,0,0,0,0,0,1,1,1,0,1,1,1,0,1,1,1,1,1,1,1,0.9,0,1,0,1,0,1,1,0.9,0,0.9,0,1,0,0,0,1,1,1,1,1,1,1,0,0,0,0,1,0,0,0,0,0,1,0,0,0,0,0,1,1,0.3,0,0,0,0,0,1,0.6,1,0.1,1,1,0,0,1,1,0,1,0,0,0,0,1,0,1,0.7,1,0,1,0,1,0,0,0,1,0,1,0,0,1,0.8,0,0,0,0,0,0,0,0,0,0,0,0,0,1,0,0,0,0
Pikachu,0,0,0,0,0,1,0,0,0,0,0,1,0,0,0,1,1,1,0,0,1,1,0,0,0.5,0,0,0,0,0,0,0,0,0,0,0,0,0,1,1,0,0,0,0,0,0,0,0,0,0,0,0,0,0,0,0,0,0.3,0,0,0,0,0,0,0,0,0,0,0,0.3,0,0,0,0,0,0,0,0,1,1,1,1,0,0,0,0,1,0,0,0,0,0,0,0,1,0,0,0,0,0,0,0,0,0,0,0,0,0,0,0,0,0,1,0,0,0,1,0,1,0,0,0,0,0,1,1,0,0,0,0,0,0,0,0.9,0,1,0,1,0,1,1,1,0,0,0,0,0
Raichu,0,0,0,1,0.6,1,1,1,1,1,1,1,1,1,0,1,1,1,1,0.8,1,1,1,0,1,0.5,0,0,0,0,0,0,0,0,1,0,0,0,1,1,0,0,0,0,0,0,0,0,0,1,0,1,1,0.8,0,1,0,1,1,1,1,1,1,0,0,0,0,0,0,1,1,0,0,0,1,0,1,1,1,1,1,1,1,0.9,0,0,1,1,1,1,0,0,0.1,0,1,1,1,0,0,0,0,0,0.9,0.9,0,0.9,0,0,0,0,0,0,1,1,1,0.7,1,1,1,0,0,0,0,0,1,1,0,1,1,0,0,0,0,1,1,1,1,1,0,1,1,1,0,0,1,0,0
Sandshrew,0,0,0,1,1,0,0,0,0,0,0,0,1,1,1,0,0,0,1,0,0,0,1,1,1,1,0.5,0,1,1,1,1,0,0,1,0.4,0,0,0,0,0,0,0,0,0,1,1,1,1,0.2,0,0,0,0.2,0,1,0,0,0,0,1,0.3,0,0,0,0,0,0,0,1,0,1,1,1,1,1,0,0,1,1,0,0,0,0,1,1,0,0,0,0,1,1,0,0,0,0,1,1,0,0,0,0,0,0,0,0,0,1,1,0,0,0,0,0,0,0,0,0,0,0,1,1,0,0,0.2,0,0,0,0,0,1,1,0,1,1,1,1,0,0,0,0,0,0,0,0,0,0
Sandslash,1,0.6,0,1,1,0,0,0,0,0,0,0,1,1,1,0,0,0,1,1,0,0,1,1,1,1,1,0.5,1,1,1,1,0.4,0,1,1,0,0,0,0,1,0.3,0.2,0,0,1,1,1,1,1,0.3,0,0,1,0.6,1,1,0.1,0,0,1,1,1,0.4,0,0,1,0.5,0,1,1,1,1,1,1,1,0,0,1,1,0,0,0,0,1,1,0.5,0,0,0,1,1,0.6,0,0.5,0,1,1,0,0,1,0.4,1,1,0,0,0,1,1,0,0,0,0.5,0,0,0,0.5,0,0,0,1,1,0,0.2,0.7,0,0,1,1,0,1,1,0.5,1,1,1,1,0,0,0,0,0,1,0.5,0,0,0
Nidorina,1,1,1,1,0.2,0,1,0,0,1,1,1,1,1,1,1,0,0,1,1,1,0,1,1,1,0,0,0,0.5,0,1,0,1,1,1,0,1,1,1,0,1,1,1,1,1,1,1,0.2,0,1,0,1,0,1,1,0.8,0,1,0,1,0,0,0,1,1,1,1,1,1,1,0,0,0,0,1,0,0,0,0,0,1,0,0,0,0,0,1,1,1,0,0,0,0,0,1,0.6,1,0,1,1,0,0,1,1,0,1,0.5,0,0,0,1,0,1,0.8,1,0,1,0,1,0,0,0,1,0,1,0,0,1,1,0,0,0,0,0,0,0,0,0,0,0,0,0,1,0,0,0,0
Nidoqueen,1,1,1,1,1,0,0,0,0,1,1,0,1,1,1,0,0,0,1,1,0,0,1,1,1,1,0,0,1,0.5,1,1,1,1,1,1,1,1,0,0,1,1,1,1,1,1,1,1,0,1,1,0,0,1,1,1,1,0.4,0,0,1,0.5,0,1,1,1,1,1,1,1,1,0.1,0,0,1,1,0,0,1,1,0,0,0,0,1,1,1,0,0,0,1,1,0,0,1,0,1,1,0,0,0,0,1,1,0,0,0,0,0,0,1,0,1,0,0,0,1,0,0,0,1,1,1,0.5,1,0,0,1,1,0,1,1,1,1,1,1,1,0,0,0,0,0,1,1,0,0,0
Nidorino,1,1,1,1,0.2,0,1,0,0,1,1,1,1,1,1,1,0,0,1,1,1,0,1,0,1,0,0,0,0,0,0.5,0,1,1,1,0,1,1,1,0,1,1,1,1,1,1,1,0.4,0,1,0,1,0,1,1,0.9,0,1,0,1,0,0,0,1,1,1,1,1,1,1,0,0,0,0,1,0,0,0,0,0,1,0,0,0,0,0,1,0.9,0.2,0,0,0,0,0,1,0.9,1,0,1,0.9,0,0,1,1,0,1,0,0,0,0,1,0,1,0.8,1,0,1,0,1,0,0,0,1,0,1,0,0,1,0.9,0,0,0,0,0,0,0,0,0,0,0,0,0,1,0,0,0,0
Nidoking,1,1,1,1,1,0,0,0,0,1,1,0,1,1,1,0,0,0,1,1,0,0,1,1,1,1,0,0,1,0,1,0.5,1,1,1,1,1,1,0,0,1,1,1,1,1,1,1,1,0,1,1,0,0,1,1,1,1,0.4,0,0,1,0.7,0,1,1,1,1,1,1,1,1,0,0,0,1,1,0,0,1,1,0,0,0,0,1,1,1,0,0,0,1,1,0,0,1,0,1,1,0,0,0,0,1,1,0,0,0,0,0,0,1,0,1,0,0,0,1,0,0,0,1,1,1,0.7,1,0,0,1,1,0,1,1,1,1,1,1,1,0,0,0,0,0,1,1,0,0,0
Clefairy,0,0,0,0,0,0,1,0,0,1,1,1,0,0,0,1,0,0,1,0.7,1,0,0,0,1,0.1,1,0,0,0,0,0,0.5,0,0,0,0,0,0,0,0,0,0,1,1,0,0,1,1,1,0,1,0,1,1,0,0,1,0,1,1,1,0.6,1,1,1,0,0,0,0,0,1,0.8,0,0,0,0,0,0,0,1,0,0,0,0,0,1,1,0,0,0,1,0.1,0,1,0.8,1,0,0,0,1,0,1,1,0,0,0,0,0,0,0,0,1,0.9,1,0,1,0,1,0,0,0,1,0,1,0,0,1,1,0,0,0,0,1,0,1,0,0,0,0,0,0,1,1,1,0,0
Clefable,0,0,0,0.7,0,0,1,1,0.7,1,1,1,0.6,0.8,0,1,1,0.4,1,1,1,1,0,0,1,1,1,0.6,0,0,0,0,1,0.5,0.9,0,0,0,0,0,0,0,0,1,1,0,0,1,1,1,1,1,0.4,1,1,0,0,1,1,1,1,1,1,1,1,1,0,0,0,0,0,1,1,0.5,0,0,0.8,0.4,0,0,1,1,1,0.8,0,0,1,1,0,0,0,1,1,0.6,1,1,1,1,1,0,1,1,1,1,0.7,0,0,0.7,0,0,1,0,1,1,1,0.6,1,1,1,1,1,0,1,0.8,1,0.1,0,1,1,0,1,0,1,1,1,1,1,0.4,0,0.7,0.4,0,1,1,1,0,0
Vulpix,1,1,1,1,1,1,0,0,0,1,1,1,1,1,1,0,0,0,0.1,0,0,0,0.5,0,0.3,0,0,0,0,0,0,0,0.4,0,0.5,0,0,0,0,0,1,1,1,1,1,1,1,0.4,0,0,0,0,0,0,0,1,1,0,0,0,0.6,0,0,0,0,0,1,1,1,0,0,0,0,0,1,1,0,0,1,1,0.2,0,0,0,0,0,0,0,0.7,0,0,0,0,0,0,0,0,0,1,1,0,0,0,0,0,0,0,0,0,0,1,0,0,0,0,0,0,0,1,1,0,1,1,0,0,0,0,0,0,0,0,0,0,0,0,0,0,0,0,1,0,1,0,0,0,0,0
Ninetales,1,1,1,1,1,1,0,0,0,1,1,1,1,1,1,1,0,0,1,0.7,1,0,1,0.1,1,0.2,0,0,0.2,0,0,0,1,1,1,0.5,1,0,1,0,1,1,1,1,1,1,1,1,0,1,0.1,0,0,1,0.1,1,1,0,0,0,1,1,1,0,0,0,1,1,1,0,0,0,0,0,1,1,0,0,1,1,1,0,0,0,0,0,0,1,1,1,0,0,0.3,0,0,0,1,0,1,1,0,0,1,1,0,1,0.1,0,0,0,1,0,0,0,0,0,0,0,1,1,0.1,1,1,0,0,0,0,1,1,0,0.1,1,0.1,0,0,0,0,0,0,1,0,1,0,0,0,0,0
Jigglypuff,0,0,0,1,0,0,1,1,1,1,1,1,1,1,0,1,1,1,1,1,1,1,0,0,1,1,1,1,0,0,0,0,1,0.3,1,0,0.5,0,0,0,0,0,0,1,1,0,0,1,1,1,1,1,1,1,1,0,0,1,1,1,1,1,1,1,1,1,0,0,0,0,0,1,0,0,0,0,1,0.2,0,0,1,1,1,1,0,0,1,1,1,1,1,1,1,1,1,1,1,1,1,0.3,1,1,1,1,1,0,0,0,0,0,1,0,1,1,1,1,1,1,1,1,1,0,1,1,1,0.2,0,1,1,0,1,0,1,1,0,1,0,0,0,1,1,0,1,1,1,0,0
Wigglytuff,0,0,0,1,1,0,1,1,1,1,1,1,1,1,1,1,1,1,1,1,1,1,0,0,1,1,1,1,0,0,0,0,1,1,1,0,1,0.5,0,0,0,0,0,1,1,1,0,1,1,1,1,1,1,1,1,1,0,1,1,1,1,1,1,1,1,1,0,0,0,0,0,1,1,0,1,0.8,1,1,0,0,1,1,1,1,0,0,1,1,1,1,1,1,1,1,1,1,1,1,1,1,1,1,1,1,1,0,0,0,0,0,1,1,1,1,1,1,1,1,1,1,1,0.8,1,1,1,1,0.8,1,1,0.8,1,0.3,1,1,0,1,0.9,0,0,1,1,0,1,1,1,1,1
Zubat,1,1,1,0.2,0,0,0,0,0,1,1,1,1,1,1,0.1,0,0,0.9,0,0,0,1,0,0,0,1,1,0,1,0,1,1,1,0.6,0,1,0.9,0.5,0,1,1,1,1,1,1,1,1,1,0,0,0,0,1,1,0,0,0.2,0,1,0,0,0,1,1,1,1,1,1,0,0,1,1,1,0,0,0,0,0,0,0.7,0,0,0,0,0,0.7,0,0,0,0,1,0,0,0.6,0,0,0,1,1,1,1,1,1,0,0,0,1,0,0,1,0,1,0,0,0,1,0,1,0,0,0,1,0,1,0,0,0,0,0,0,0,0,0,0,0,0,0,0,0,0,0,0,0,0,0,0
Golbat,1,1,1,1,0.9,0,1,0.6,0,1,1,1,1,1,1,1,0.2,0,1,0.9,1,0.4,1,1,0,0,1,1,0.2,1,1,1,1,1,1,0.3,1,1,1,0.5,1,1,1,1,1,1,1,1,1,1,0.7,1,0,1,1,1,0,1,0.7,1,0.8,0.2,0,1,1,1,1,1,1,1,0,1,1,1,1,0.4,0,0,0,0,1,0.2,0.6,0,0,0,1,0,1,0,0,1,0,0,1,0.7,0,0,1,1,1,1,1,1,0,1,0.9,1,1,0,1,0,1,1,1,0,1,0,1,0,0,0.2,1,0,1,0,0,1,1,0,0,0,0.4,0,0,0,0,0,0,0,0,0,1,0.3,0,0,0
Oddish,0,0,0,0,0,0,1,1,1,0,0,0,0,0,0,0,0,0,1,0,0,0,0,0,1,1,0,0,0,0,0,0,1,1,0,0,1,1,0,0,0.5,0,0,1,1,0,0,1,1,0.3,0,1,1,1,1,0,0,1,1,1,0,0,0,1,0,0,0,0,0,0.1,0,0.1,0,0,0,0,0,0,0,0,0,0,1,0,0,0,1,1,0,0,0,0.9,0,0,1,1,1,1,1,0,0,0,1,1,0,0,0,0,0,0,1,0,1,1,1,1,1,1,0,0,1,0,0,0,1,0,0,0,0,1,1,0,0,1,1,1,1,0,0,0,0,0,0,0,0,0,0
Gloom,1,0,0,0,0,0,1,1,1,0,0,0,0,0,0,0,0,0,1,0.9,0,0,0,0,1,1,0.9,0,0,0,0,0,1,1,0,0,1,1,0,0,1,0.5,0,1,1,0,0,1,1,1,0,1,1,1,1,0,0,1,1,1,0,0,0,1,1,1,1,0,0,1,0,1,0.8,0,0,0,1,1,0,0,0,0,1,1,0,0,1,1,0,0,0,1,0,0,1,1,1,1,1,1,0.9,0,1,1,0,0,0,0,0,0,1,0,1,1,1,1,1,1,0,0,1,0,0,0,1,0,0,1,0.9,1,1,0,0,1,1,1,1,0,0,0,0,0,0,0,0,0,0
Vileplume,1,1,0,0,0,0,1,1,1,0,0,0,0,0,0,0,0,0,1,0.9,0,0,0,0,1,1,1,0,0,0,0,0,1,1,0,0,1,1,0,0,1,1,0.5,1,1,0,0,1,1,1,0.2,1,1,1,1,0,0,1,1,1,0.7,0.1,0,1,1,1,1,1,0,1,0,1,1,0,0,0,1,1,0,0,0,0,1,1,0,0,1,1,0,0,0,1,0,0,1,1,1,1,1,1,1,0.4,1,1,0,0,0,0,0,0,1,0,1,1,1,1,1,1,0,0,1,0,0,0.2,1,0,0.4,1,1,1,1,0,0.4,1,1,1,1,0,0,0,0,0,0,0,0,0,0
Paras,0,0,0,0,0,0,1,1,1,0,0,0,0,0,0,0,0,0,0,0,0,0,0,0,1,0.1,1,1,0,0,0,0,0,0,0,0,0,0,0,0,0,0,0,0.5,1,0,0,1,1,0,0,1,1,0,0,0,0,1,1,1,1,0.2,0,0,0,0,0,0,0,0,0,1,1,1,0,0,1,1,0,0,0,0,1,0,0,0,1,0,0,0,0,1,0,0,1,1,1,0,1,1,1,1,0,0,0,0,0,1,1,0,1,0,1,1,1,1,1,1,0,0,0,0,0,0,1,0,0,0,0,0,0,0,0,1,0.9,1,1,0,0,0,0,0,0,0,0,0,0
Parasect,0,0,0,0,0,0,1,1,1,0,0,0,0,0,0,0,0,0,1,0.9,0,0,0,0,1,1,1,1,0,0,0,0,0,0,0,0,0,0,0,0,0,0,0,1,0.5,0,0,1,1,1,0,1,1,1,0,0,0,1,1,1,1,1,1,0,0,0,0,0,0,0,0,1,1,1,0,0,1,1,1,0,0,0,1,1,0,0,1,1,0,0,0,1,1,0.9,1,1,1,1,1,1,1,1,1,1,0,0,0,1,1,0,1,0,1,1,1,1,1,1,0,0,1,0,0,0,1,0,0,1,1,1,1,0,0,1,1,1,1,0,0,0,0,0,0,0,0,1,0.9
Venonat,1,1,1,0,0,0,1,0,0,1,1,0,1,1,0,0,0,0,1,0.7,0,0,0,0,1,0,0,0,0,0,0,0,1,1,0,0,0.9,0,0,0,1,1,1,1,1,0.5,0,1,0,1,0,1,0,1,1,0,0,1,0,1,1,0.2,0,1,1,1,1,1,1,0,0,0,0,0,0,0,0,0,0,0,0,0,0,0,0,0,1,0.9,0,0,0,0,0,0,1,0.4,1,0,1,1,0,0,1,1,0,0,0,0,0,0,1,0,1,0.5,1,0,1,0,0,0,0,0,1,0,1,0,0,1,0.8,0,0,0,0,0,0,0,0,0,0,0,0,0,0.9,0,0,0,0
Venomoth,1,1,1,0,0,0,1,0,0,1,1,0,1,1,1,0,0,0,1,0.9,0,0,0,0,1,0.1,0,0,0,0,0,0,1,1,0,0,1,0,0,0,1,1,1,1,1,1,0.5,1,0,1,0,1,0,1,1,0,0,1,0,1,1,0.2,0,1,1,1,1,1,1,0,0,0,0,0,0,0,0,0,0,0,0,0,0,0,0,0,1,1,0,0,0,0,0,0,1,0.7,1,0,1,1,0,0,1,1,0,0,0,0,0,0,1,0,1,0.8,1,0,1,0,0,0,0,0,1,0,1,0,0,1,1,0,0,0,0,0,0,0,0,0,0,0,0,0,1,0,0,0,0
Diglett,0,0,0,0,0,0,0,0,0,0,0,0,0,0,0,0,0,0,0,0,0,0,0.6,0,1,1,0,0,0,0,0,0,0,0,0,0,0,0,0,0,0,0,0,0,0,0,0,0.5,0,0,0,0,0,0,0,0,0,0,0,0,0,0,0,0,0,0,0,0,0,0,0,0,0,0,0,0,0,0,1,1,0,0,0,0,0,0,0,0,0,0,0,0.6,0,0,0,0,1,1,0,0,0,0,0,0,0,0,0,0,0,0,0,0,0,0,0,0,0,0,0,0,1,0,0,0,0,0,0,0,0,0,1,0,0,0,0,0,0,0,0,0,0,0,0,0,0,0,0
Dugtrio,0,0,0,0.3,0,0,0,0,0,0,0,0,1,1,0,0,0,0,0,0,0,0,1,1,1,1,0,0,1,1,1,1,0,0,0.6,0,0,0,0,0,0,0,0,0,0,0,0,1,0.5,0,0,0,0,0,0,0,0,0,0,0,0,0,0,0,0,0,0,0,0,0.4,0,1,1,1,0,0,0,0,1,1,0,0,0,0,1,1,0,0,0,0,1,1,0,0,0,0,1,1,0,0,0,0,0,0,0,0,0,1,1,0,0,0,0,0,0,0,0,0,0,0,1,0,0,0,0.2,0,0,0,0,0,1,0,0,1,0,1,0,0,0,0,0,0,0,0,0,0,0
Meowth,0,0,0,0.2,0,0,0,0,0,0,0,0,0.2,0,0,0,0,0,1,0,0,0,1,0,0.9,0,0,0,0,0,0,0,0,0,0.6,0,0,0,0.1,0,0,0,0,0.9,0,0,0,1,0.8,0.5,0,0,0,0,0,0,0,0,0,0,1,0,0,0,0,0,0,0,0,0,0,0,0,0,0,0,0,0,0,0,0.5,0,0,0,0,0,0.8,0,1,0,0,0,0,0,0.6,0,0,0,0,0,0,0,0,0,0,0,0,0,0,0,0,0,1,0,0,0,1,0,0,0,0,0,0,0,1,0,0,0,0,0,0,0,0,0,0,0,0,0,0,0,0,0,0,0,0,0,0
Persian,1,0,0,1,0.3,0,1,0,0,1,1,0.1,1,1,0,1,0,0,1,0.9,1,0,1,0,1,0.1,1,0,0,0,0,0,0,0,1,0,0,0,1,0,1,0,0,1,0.1,0.1,0,1,1,1,0.5,1,0,0,0,1,0,1,0,0,1,1,1,0,0,0,1,0,0,1,0,0,0,0,1,0,0,0,1,0,1,0,0,0,0,0,1,1,1,1,1,0,0,0,1,0.7,1,0,0,0,1,0,0,0,0,1,0,0,0,0,0,0,1,0.8,1,0,1,0,0,0,0,0,0,0,1,0,0,1,1,0,0,0,0,0,0,0,0,0,0,0,0,0,1,0,0,0,0
Psyduck,0,0,0,1,1,1,1,0,0,0,0,0,0.2,0,0,0.2,0,0,1,0,0.4,0,1,0,0,0,1,0.5,0,0,0,0,0,0,1,1,0,0,0.1,0,0,0,0,0,0,0,0,1,1,0,0,0.5,0,0,0,1,1,0,0,0,1,0.2,0,0,0,0,0,0,0,1,0,1,1,1,1,1,0,0,1,0,1,0,0,1,0,0,1,1,1,0,0,1,0,0,1,0,0,0,0,0,1,1,0,0,0,0,0,1,1,0,0,0,1,0,1,0,1,0,0,1,0,1,0,0,1,0,0,0,0,0,0,1,0,1,1,1,1,0,0,1,0,1,0,0,0,0,0
Golduck,0,0,0,1,1,1,1,1,0,1,1,1,1,1,1,1,1,0,1,1,1,1,1,1,1,0,1,1,1,1,1,1,1,0,1,1,0,0,1,0.6,0,0,0,0,0,1,1,1,1,1,1,1,0.5,1,1,1,1,0,0,0,1,1,1,1,0,0,0,0,0,1,0,1,1,1,1,1,0,0,1,1,1,1,1,1,0.1,0,1,1,1,1,1,1,1,0,1,1,0.2,0,0,0,1,1,1,1,0,1,1,1,1,0,0,0,1,1,1,0,1,1,1,1,0,1,1,0.8,1,0,0,1,1,0,0,1,1,1,1,1,1,1,0,1,0,1,0,0,0,0,0
Mankey,0,0,0,0.3,0,0,0,0,0,0,0,0,0,0,0,0,0,0,1,0.9,0,0,0,0,0.9,0,0,0,0,0,0,0,0,0,0.6,0,0,0,0,0,0,0,0,0.9,0,0,0,1,0.8,0.9,1,0,0,0.5,0,0,0,0.2,0,0,0,0,0,0,0,0,0,0,0,0,0,1,1,1,0,0,0,0,1,0.9,0,0,0,0,0,0,0.8,0.6,0,0,0,1,0,0,0.3,0,0,0,0,0,0,0,0,0,0,0,0,1,1,0,0,0,0.9,0,0,0,0.9,0,0,0,0,0,0,0.3,1,0,0,1,0.9,0,0,0,0.8,1,1,1,1,0,0,0,0,0,0,0,0,0,0
Primeape,0,0,0,1,0.6,0,1,0.1,0,1,1,0,0,0,0,0,0,0,1,1,0,0,0,0,1,0,1,0,0,0,0,0,0,0,1,0,0,0,0,0,0,0,0,1,0,0,0,1,1,1,1,1,0,1,0.5,1,0,1,0,0,0,0,0,0,0,0,0,0,0,0,0,1,1,1,1,0,0,0,1,1,0,0,0,1,0,0,1,1,0,0,0,1,0,0,1,0.8,1,0.1,0,0,1,0,1,1,1,0,0,1,1,0,0,1,1,0.8,1,0,1,0,0,0,0,0,0,1,1,0,0,1,1,0,0,0,1,1,1,1,1,0,0,0,0,0,1,0,0,0,0
Growlithe,1,1,1,1,0,0,0,0,0,1,1,1,1,1,1,0,0,0,1,0.1,0.4,0,1,0,1,0,0,0,0,0,0,0,1,0.3,0,0,0,0,0.2,0,1,1,1,1,1,1,1,1,0,0.3,0,0,0,0,0,0.5,0,0,0,0,1,0.4,0.1,0,0,0,1,1,1,0,0,0,0,0,0,0,0,0,1,1,1,0,0,0,0,0,0,0,1,0,0,0,0,0,0,0,0.1,0,1,1,0,0,0,0,0,0.1,0,0,0,0,1,0,0,0,0,0,0,0,1,1,0,0,1,0,0,0,0,0.1,0,0,0,0,0,0,0,0,0,0,0,1,0,0,0,0,0,0,0
Arcanine,1,1,1,1,1,1,0,0,0,1,1,1,1,1,1,1,1,0,1,1,1,1,1,1,1,1,0,0,1,0,1,0,1,1,0,0,1,1,1,0.8,1,1,1,1,1,1,1,1,1,1,1,0,0,1,1,1,0.5,0,0,0,1,1,1,1,0,0,1,1,1,0,0,0,0,0,1,1,0,0,1,1,1,1,0,0,0.1,0,0,1,1,1,1,0,1,0,0,0,1,1,1,1,0,0,1,1,0.1,1,1,0,0,0,1,0,0,0,0,0,0,0,1,1,1,1,1,0.6,0.2,0,0,1,1,0,1,0,1,0,0,0,0,0,0,1,0,0,0,0,0,0,0
Poliwag,0,0,0,1,1,1,1,1,1,0,0,0,0,0,0,0,0,0,0.9,0,0.2,0,1,0,0,0,0.9,0.3,0,0,0,0,0,0,1,1,0,0,0,0,0,0,0,0,0,0,0,1,1,0.1,0,1,1,0.1,0,1,1,0.5,0,0,1,0.1,0,0,0,0,0,0,0,1,1,1,1,0.4,1,1,1,1,1,0,0.9,0,1,1,0,0,1,1,0.8,0,0,1,0,0,1,1,0,0,0,0,0.9,0.9,0,0,0,0,0,0.7,0.6,0,0,0,1,1,1,1,1,1,0,1,0,1,0,0,1,1,0,0,0,0,0,1,0,1,1,1,1,0,0,0,0,1,0,0,0,0,0
Poliwhirl,0,0,0,1,1,1,1,1,1,1,1,0.1,1,1,0,1,0,0,1,1,1,0,1,0,0,0,1,1,0,1,0,1,0,0,1,1,0,0,1,0,0,0,0,0,0,0,0,1,1,1,0,1,1,1,0,1,1,1,0.5,0,1,1,1,0,0,0,0,0,0,1,1,1,1,1,1,1,1,1,1,1,1,0,1,1,0,0,1,1,1,1,0,1,0,0,1,1,0,0,0,0,1,1,1,1,0,1,0,1,1,0,0,0,1,1,1,1,1,1,0,1,0,1,0,0,1,1,0,1,0.7,0,0,1,0,1,1,1,1,1,0,1,0,1,0,0,0,0,0
Poliwrath,0,0,0,1,1,0.4,1,1,1,1,1,0,1,0,0,0.3,0,0,1,1,0.5,0,1,0,1,0,1,1,0,0,0,0,0,0,1,1,0,0,0,0,0,0,0,0,0,0,0,1,1,1,1,1,1,1,1,1,1,1,1,0.5,0,0,0,1,0,0,0,0,0,1,1,1,1,1,1,1,1,1,1,1,1,0,1,1,0,0,1,1,0,0,0,1,0,0,1,1,0.2,0,0,0,1,1,1,1,1,0,0,1,1,0.1,0,1,1,1,1,1,1,1,0,1,0,1,1,1,1,1,0,1,1,0,0,1,1,1,1,1,1,1,0,0,0,0,0,0,0,0,0
Abra,0,0,0,0,0,0,0,0,0,0,0,0,0,0,0,0,0,0,0,0,0,0,0.8,0,0,0,0,0,0,0,0,0,0,0,0,0,0,0,0.1,0,0,0,0,0,0,0,0,1,0,0,0,0,0,1,1,0,0,0,0,0,0.5,0,0,0.9,0,0,0,0,0,0.2,0,0,0,0,0,0,0,0,0,0,0,0,0,0,0,0,0,0,0,0,0,0,0,0,0,0,0,0,0,0,0,0,1,1,0,0.1,0,0,0,0,0,0,0,0,0,0,0,0,0,0,0,0,0,0,0,0,0,0,0,0,0,0,0,0,0,0,0,0,0,0,0,0,0,0,0,0,0
Kadabra,1,0.7,0,0.1,0,0,0,0,0,0,0,0,0.1,0,0,0,0,0,0.7,0,0.2,0,1,0.6,0.8,0,0,0,0.9,0,0.7,0,0,0,0.3,0,0,0,0.9,0.5,0.9,0.8,0.4,0,0,0,0,1,0.7,0,0,0,0,1,1,0,0,0,0,1,1,0.5,0,1,1,1,0.8,0.5,0,1,0,0,0,0,0,0,0,0,0,0,0.8,0,0,0,0,0,0.6,0,0.9,0,0,0.8,0,0,0.7,0,0,0,0,0,0,0,1,1,0,0.8,0.4,0,0,0,0,0,0.7,0,0,0,1,0,0,0,0,0,0,0,1,0,0,0,0,0,0,0,0,0.8,0,0.6,0,0,0,0,0,0,0,0,0,0,0
Alakazam,1,1,0,0.3,0.1,0,0.1,0,0,0,0,0,0.1,0,0,0.2,0,0,1,0.2,0.2,0,1,1,1,0,0.1,0,1,0,1,0,0,0,0.5,0,0,0,1,0.5,1,1,0.3,0,0,0,0,1,1,0.2,0,0.2,0,1,1,0.2,0,0,0,1,1,1,0.5,1,1,1,1,1,0,1,0,0,0,0,0,0,0,0,0,0,1,0,0,0,0,0,1,0,1,0,0,1,0,0,1,0,0.2,0,0,0,0.1,0,1,1,0,1,1,0,0,0,0,0,1,0,0,0,1,0,0,0,0,0,0,0,1,0,0,0,0,0,0,0,0,1,0,1,0,0,0,0,0,0,0.2,0,0,0,0
Machop,0,0,0,1,0.1,0,1,0.1,0,1,1,0,0,0,0,0,0,0,1,1,0,0,0,0,1,0.1,1,0,0,0,0,0,0,0,1,0,0,0,0,0,0,0,0,1,1,0,0,1,1,1,1,1,0,1,0,1,0,1,0,0,0,0,0,0.5,0,0,0,0,0,0,0,1,1,1,1,0,0,0,1,1,0,0,0,1,0,0,1,1,0,0,0,1,0,0,1,0.8,1,0,0,0,1,0.1,1,1,1,0,0,1,1,0,0,1,1,0.9,1,0,1,0,0,0,0,0,0.5,1,1,0,0,1,1,0,0,0,1,1,1,1,1,0,0,0,0,0,1,0,0,0,0
Machoke,0,0,0,1,1,0,1,1,0.1,1,1,0,0.5,0,0,0.1,0,0,1,1,0.5,0,1,0,1,0.9,1,0.7,0,0,0,0,0,0,1,1,0,0,0,0,0,0,0,1,1,0,0,1,1,1,1,1,0,1,0.9,1,0,1,1,0,0,0,0,1,0.5,0,0,0,0,0.1,0,1,1,1,1,1,0,0,1,1,0.9,0,1,1,0,0,1,1,0,0,0,1,0,0,1,1,1,1,0,0,1,1,1,1,1,0,0,1,1,0,1,1,1,1,1,0,1,0,0,0,1,1,1,1,1,0,1,1,1,0,1,1,1,1,1,1,1,0.1,0,0,0,0,1,1,0,0,0
Machamp,0,0,0,1,1,0,1,1,0.1,1,1,0,1,0.2,0,0.7,0,0,1,1,0.9,0,1,0,1,1,1,0.9,0,0,0,0,0,0,1,1,0,0,0,0,0.1,0,0,1,1,0,0,1,1,1,1,1,0.2,1,1,1,0,1,1,0,0,0,0,1,0.1,0.5,0,0,0,0.8,0,1,1,1,1,1,0,0,1,1,1,0,1,1,0,0,1,1,0,0,0,1,0,0,1,1,1,1,0,0,1,1,1,1,1,0,0,1,1,0.1,1,1,1,1,1,0.3,1,0,0,0,1,1,1,1,1,0,1,1,1,0,1,1,1,1,1,1,1,0.2,0.1,0,0,0,1,1,0,0,0
Bellsprout,1,0,0,0,0,0,1,1,1,0,0,0,0,0,0,0,0,0,1,0,0,0,0,0,1,1,0,0,0,0,0,0,1,1,0,0,1,1,0,0,1,0,0,1,1,0,0,1,1,0,0,1,1,1,1,0,0,1,1,1,0,0,0,1,0.8,0.3,0.5,0,0,1,0,0,0,0,0,0,0,0,0,0,0,0,1,0,0,0,1,1,0,0,0,1,0,0,1,1,1,1,1,0.3,0,0,1,1,0,0,0,0,0,0,1,0,1,1,1,1,1,1,0,0,1,0,0,0,1,0,0,0,0,1,1,0,0,1,1,1,1,0,0,0,0,0,0,0,0,0,0
Weepinbell,1,1,0,0,0,0,1,1,1,0,0,0,0,0,0,0,0,0,1,0.9,0,0,0,0,1,1,1,0,0,0,0,0,1,1,0,0,1,1,0,0,1,1,0,1,1,0,0,1,1,1,0,1,1,1,1,0,0,1,1,1,0,0,0,1,1,1,1,0.5,0,1,0,1,1,0,0,0,1,1,0,0,0,0,1,1,0,0,1,1,0,0,0,1,0,0,1,1,1,1,1,1,1,0,1,1,0,0,0,0,0,0,1,0,1,1,1,1,1,1,0,0,1,0,0,0,1,0,0,1,0.8,1,1,0,0,1,1,1,1,0,0,0,0,0,0,0,0,0,0
Victreebel,1,1,0,0,0,0,1,1,1,0,0,0,0,0,0,0,0,0,1,1,0,0,0,0,1,1,1,0.7,0,0,0,0,1,1,0,0,1,1,0,0,1,1,1,1,1,0,0,1,1,1,1,1,1,1,1,0,0,1,1,1,1,0.4,0,1,1,1,1,1,0.5,1,0,1,1,0,0,0,1,1,0,0,0,0,1,1,0,0,1,1,0,0,0,1,0,0,1,1,1,1,1,1,1,1,1,1,0,0,0,0,0,0,1,0,1,1,1,1,1,1,0,0,1,0,0,0.5,1,0,1,1,1,1,1,0,1,1,1,1,1,0,0,0,0,0,0,0,0,0,0
Tentacool,0,0,0,1,1,1,0,0,0,1,1,1,1,1,0.9,0,0,0,0.9,0,0,0,0.9,0,0,0,0,0,0,0,0,0,1,1,1,1,1,1,0,0,0,0,0,1,0.6,1,1,1,0,0.1,0,0,0,1,0.7,1,1,0,0,0,0,0,0,0.9,0,0,0,0,0,0.5,0,0,0,0,1,1,0,0,0,0,0.6,0,0,0,0,0,1,1,0,0,0,0,0,0,0.9,0,0,0,0,0,0,0,1,1,0,0,0,0,0,0,0,0,1,0,0,0,1,0,0.6,0,0,1,0.6,0,1,0,0,0,0,0,0,1,0,0.9,0,0.6,0,0,0,0,0,1,0,0,0,0,0
Tentacruel,1,1,0,1,1,1,1,1,0,1,1,1,1,1,1,1,1,0,1,1,1,1,1,1,1,0,0,0,1,0,1,0,1,1,1,1,1,1,1,0.7,1,1,0.5,1,1,1,1,1,0.9,1,1,1,0,1,1,1,1,0,0,0,0.9,0.2,0,1,1,1,1,1,0,1,0.5,0,0,0,1,1,0,0,0,0,1,1,1,1,0,0,1,1,1,0,0,0.9,0,0,1,1,0.1,0,0,0,0,0,1,1,0,1,1,0,0,0,1,0,1,1,1,0,1,0,1,1,0,1,1,0.5,1,0,0,1,1,0,0,1,1,1,1,1,1,0,0,1,0,1,0,0,0,0,0
Geodude,0,0,0,1,1,0,0,0,0,0,0,0,1,1,1,0,0,0,1,1,0,0,1,1,1,1,0,0,1,0,1,0,0,0,1,1,0,0,0,0,0,0,0,0,0,1,1,0.6,0,1,1,0,0,0,0,1,1,0,0,0,1,0.3,0,0,0,0,0,0,0,1,0,0.5,0,0,1,1,0,0,1,1,0,0,0,0,1,1,0,0,0,0,1,1,0,0,0,0,1,1,0,0,0,0,0,0,0,0,0,0,0,0,0,0,0,0,0,0,0,0,0,0,1,1,0,0.6,0,0,0,1,1,0,1,1,1,0.8,0,1,0,0,0,0,0,0,0,0,0,0,0
Graveler,0.2,0,0,1,1,0,0,0,0,0.2,0.3,0,1,1,1,0,0,0,1,1,0,0,1,1,1,1,0,0,1,1,1,1,0,0,1,1,0,0,0,0,0.3,0,0,0,0,1,1,0.6,0,1,1,0,0,0,0,1,1,0,0,0,1,0.7,0.3,0,0,0,0,0,0,1,0.4,0.1,0.5,0,1,1,0,0,1,1,0,0,0,0,1,1,0,0,0,0,1,1,0,0,0,0,1,1,0,0,0,0,0,0,1,0,0,0,0,0,0,0.1,0,0,0,0,0,0,0,0,1,1,0,1,0,0,0,1,1,0,1,1,1,1,0,1,0,0,0,0,0,0,0.4,0,0,0,0
Golem,1,1,0,1,1,0,0,0,0,1,1,0,1,1,1,0,0,0,1,1,0,0,1,1,1,1,0,0,1,1,1,1,1,0,1,1,1,1,0,0,1,1,0.9,0,0,1,1,1,0,1,1,0,0,0,0,1,1,0,0,0,1,1,1,0,0,0,1,1,0,1,1,1,1,0.5,1,1,0,0,1,1,0,0,0,0,1,1,0,0,0,0,1,1,1,0,0,0,1,1,0,0,0,0,0,0,1,0,0,0,0,0,0,1,0,0,0,0,0,0,0,1,1,1,1,1,0.3,0,0,1,1,0,1,1,1,1,1,1,1,0,0.1,0,0,0,1,1,0,0,0
Ponyta,1,1,1,1,0,0,0,0,0,1,1,1,1,1,1,0.1,0,0,1,0,0.5,0,1,0,1,0,0,0,0,0,0,0,1,0.7,0,0,0,0,0.5,0,1,1,1,1,1,1,1,1,0,0.4,0,0,0,0.3,0,0,0,0,0,0,1,0.5,0,0,0,0,1,1,1,0,0,0,0,0,0.5,0,0,0,1,1,1,0,0,0,0,0,0,0,1,0,0,0,0,0,0,0,0.2,0,1,1,0,0,0,0,0,0,0,0,0,0,1,0,0,0,0,0,0,0,1,1,0,0,1,0,0,0,0,0,0,0,0,0,0,0,0,0,0,0,0,1,0,0,0,0,0,0,0
Rapidash,1,1,1,1,0.6,0,0,0,0,1,1,1,1,1,1,1,0,0,1,0.9,1,0,1,0.1,1,0.1,0,0,0,0,0.1,0,1,1,0,0,1,0,1,0,1,1,1,1,1,1,1,1,0,1,0,0,0,1,0,1,0,0,0,0,1,1,1,0,0,0,1,1,1,0,0,0,0,0,1,0.5,0,0,1,1,1,0,0,0,0,0,0,1,1,1,0,0,0.2,0,0,0,1,0,1,1,0,0,1,1,0,1,0,0,0,0,1,0,0,0,0,0,0,0,1,1,0,0,1,0,0,0,0,1,1,0,0,0,0,0,0,0,0,0,0,1,0,0,0,0,0,0,0
Slowpoke,0,0,0,1,1,1,1,1,1,0,0,0,1,1,1,1,1,0,1,1,1,1,1,1,1,0,1,1,1,1,1,1,1,0,1,1,0,0,1,1,0,0,0,0,0,1,1,1,1,1,1,1,1,1,1,1,1,0,0,0,1,1,1,1,1,1,0,0,0,1,1,1,1,1,1,1,0.5,0,1,0,1,1,1,1,1,1,1,1,1,1,1,1,1,0.5,1,1,0.1,0,0,0,1,1,1,1,0,1,1,1,1,0,0,0,1,1,1,1,1,1,0,1,0,1,0,0.5,1,0,0,1,1,0,0,1,1,1,1,1,1,1,0,1,0,1,0,0,0,0,0
Slowbro,0,0,0,1,1,1,1,1,1,0,0,0,1,1,1,1,1,0.7,1,1,1,1,1,1,1,0,1,1,1,1,1,1,1,0.3,1,1,0,0,1,1,0,0,0,0,0,1,1,1,1,1,1,1,1,1,1,1,1,0,0,0,1,1,1,1,1,1,0,0,0,1,1,1,1,1,1,1,1,0.5,1,0,1,1,1,1,1,1,1,1,1,1,1,1,1,1,1,1,0,0,0,0,1,1,1,1,0.8,1,1,1,1,0,0,0,1,1,1,1,1,1,0,1,0,1,0,1,1,0.2,0,1,1,0,0,1,1,1,1,1,1,1,0,1,0,1,0.8,0,0,0,0
Magnemite,1,1,1,0,0,0,0,0,0,0,0,1,1,1,1,1,1,1,1,0,1,1,1,1,0,0,0,0,1,0,1,0,1,0,0,0,1,1,1,1,1,1,1,1,0,1,1,0,0,0,0,0,0,0,0,0,0,0,0,0,1,0.1,0,0,0,0,1,1,1,1,1,0,0,0,0,0,0,0,0.5,0,1,1,0,0,1,1,0,1,1,1,1,0,0,0,0,0,0,0,0,0,0,0,0,0,0,1,1,0,0,0,0,0,0,0,0,0,0,0,1,1,0,0,0,0,0.1,1,0,0,0,0,0,0,0,1,1,1,1,1,0,1,1,0,0,0,1,0,0
Magneton,1,1,1,0,0,1,0,0,0,1,1,1,1,1,1,1,1,1,1,1,1,1,1,1,0,0,0,0,1,0,1,0,1,1,0,0,1,1,1,1,1,1,1,1,1,1,1,0,0,1,1,0,0,0,0,0,0,0.2,0,0,1,1,1,0,0,0,1,1,1,1,1,0,0,0,0,0,1,0.1,1,0.5,1,1,0,1,1,1,1,1,1,1,1,0,1,1,1,0,0,0,1,0,0,0,0,0,1,1,1,0,0,0,0,0,1,0,0,0,1,1,1,1,0,0,1,1,1,1,1,1,1,0,0,0,1,1,1,1,1,1,0,1,1,1,1,0,1,0,0
Doduo,1,1,1,0,0,0,0,0,0,1,1,1,1,1,1,0,0,0,0,0,0,0,0,0,0,0,1,1,0,1,0,1,0,0,0,0,0,0,0,0,1,1,1,1,1,1,1,1,1,0,0,0,0,0.2,0,0,0,0,0,0,0,0,0,0,0,0,1,1,1,0,0,1,1,1,0,0,0,0,0,0,0.5,0,0,0,0,0,0,0,1,0,0,1,0,0,0,0,0,0,1,1,1,1,0,0,0,0,0,1,1,0,1,0,0,0,0,0,0,0,1,0,0,0,1,0,0.3,0,0,0,0,0,0,0,0,0,0,0,0,0,0,0,0,0,0,0,0,0,0
Dodrio,1,1,1,1,0.6,0,1,0.2,0,1,1,1,1,1,1,1,0,0,1,1,1,0,1,0.1,0,0,1,1,0,1,0,1,0,0,1,0,0,0,1,0,1,1,1,1,1,1,1,1,1,1,0,1,0,1,1,1,0,1,0,1,1,1,1,1,0.9,0.9,1,1,1,1,0,1,1,1,0.9,0,0,0,0,0,1,0.5,0,0,0,0,1,0,1,1,0,1,0,0,1,0.8,0,0,1,1,1,1,1,1,0,1,0,1,1,0,1,0,1,0.7,1,0,1,0,1,0,0,0,1,0,1,0,0,1,1,0,0,0,0,0,0,0,0,0,0,0,0,0,1,0,0,0,0
Seel,0,0,0,1,1,1,1,0,0,1,1,0,1,1,0,1,0,0,1,1,1,0,1,0,0,0,1,1,0,1,0,1,0,0,1,1,0,0,1,0,0,0,0,0,0,0,0,1,1,1,0,1,0,1,0,1,1,0,0,0,1,1,0.8,0,0,0,0,0,0,1,0,1,1,1,1,1,0,0,1,1,1,0,0.5,1,0,0,1,1,1,1,0,1,0,0,1,0.9,0,0,0,0,1,1,1,1,0,1,0,1,1,0,0,0,1,1,1,0,1,0.1,0,1,0,1,0,0,1,0,0,1,0.7,0,0,1,0,1,1,1,1,1,0,1,0,1,0,0,0,0,0
Dewgong,0,0,0,1,1,1,0.1,0,0,1,1,1,1,1,1,1,1,1,1,1,1,1,1,1,1,0,1,1,1,1,1,1,1,0,1,1,0,0,1,1,0,0,0,1,0,1,1,1,1,1,1,0,0,0.4,0,1,1,0,0,0,1,1,1,0,0,0,0,0,0,1,0,1,1,1,1,1,0,0,0,0,1,1,0,0.5,0.1,0,1,1,1,1,1,1,1,0,1,0,0.1,0,0,0,1,1,0,0,0,1,1,1,1,0,0,0,1,0,0,0,1,0,1,1,0,1,1,0.4,1,0,0,1,1,0,0,1,1,1,0,1,0,1,0,1,0,1,1,1,1,0,0
Grimer,1,1,1,1,1,0,1,1,0,1,1,1,1,1,1,1,1,0,1,1,1,1,1,1,1,1,0,0,1,0,1,0,1,1,1,0.9,1,1,1,0.8,1,1,1,1,1,1,1,1,0,1,1,1,0,1,1,1,0,1,1,1,1,0.2,0,1,1,1,1,1,1,1,0,0,0,0,1,0.8,0,0,0,0,1,0.8,1,0,0.5,0,1,1,1,0,0,0,0,0,1,0.9,1,1,1,1,0,0,1,1,0,1,1,0,0,0,1,0,1,1,1,0,1,0,1,0,1,0.9,1,0.3,1,0,0,1,1,0,1,0.6,1,1,0,0.9,0,0,0,0,0,0,1,1,0,0,0
Muk,1,1,1,1,1,1,1,1,1,1,1,1,1,1,1,1,1,1,1,1,1,1,1,1,1,1,0,0,1,0,1,0,1,1,1,1,1,1,1,1,1,1,1,1,1,1,1,1,0,1,1,1,1,1,1,1,1,1,1,1,1,0.3,0,1,1,1,1,1,1,1,1,0,0,0,1,1,0,0,0,0,1,1,1,1,1,0.5,1,1,1,1,0,0,0,0,1,1,1,1,1,1,0,0,1,1,1,1,1,0,0,0,1,0,1,1,1,1,1,0,1,0,1,1,1,1,1,0.6,0,1,1,0,1,1,1,1,0,1,0,0,0,1,1,1,1,1,1,0,0
Shellder,0,0,0,1,1,1,0,0,0,0,0,0,0,0,0,0,0,0,0,0,0,0,0,0,0,0,0,0,0,0,0,0,0,0,1,1,0,0,0,0,0,0,0,0,0,0,0,1,1,0,0,0,0,0,0,1,1,0,0,0,0,0,0,0,0,0,0,0,0,0,0,1,1,0,1,1,0,0,0,0,0,0,0,0,0,0,0.5,1,0,0,0,1,0,0,0,0,0,0,0,0,0,0,0,0,0,0,0,0.1,0,0,0,0,0,0,0,0,0.2,0,0,0,0,1,0,0,1,0,0,0,0,0,0,1,0,1,0,1,0,0,0,0,0,0.9,0,0,0,0,0
Cloyster,0,0,0,0.4,0,0.2,0,0,0,0,0,1,0.5,0,0,1,1,0,1,0,1,1,1,0,0,0,1,1,0,1,0,1,0,0,0.9,0,0,0,1,0.8,0,0,0,0,0,0,0,1,1,0.3,0,0,0,0,0,0,0,0,0,0,1,0.4,0,0,0,0,0,0,0,0,0,1,1,1,0,0,0,0,0,0,1,1,0,0,0,0,0,0.5,1,0,0,1,0,0,0,0,0,0,0,0,1,1,0,0,0,0,0,1,1,0,0,0,0,0,0,0,0,0,1,1,0,0,0,0,1,0,0,0,0,0,0,0,0,0,0,0,0,0.4,0,1,0,0,0.1,0,0,0,0
Gastly,1,1,1,0,0,0,0,0,0,1,1,1,1,1,1,0,0,0,0,0,0,0,1,0,0,0,1,1,0,1,0,1,1,0.9,0,0,0,0,1,0,1,1,1,1,1,1,1,1,1,0,0,0,0,1,1,0,0,0,0,1,0,0,0,1,1,1,1,1,1,1,0,1,1,1,0,0,0,0,0,0,0,0,0,0,0,0,0,0,0.5,0,0,1,0,0,0,0,0,0,1,0,1,1,1,1,0,1,0,1,1,0,1,0,0,0,0,0,0,0,1,0,0,0,1,0,0.1,0,0,0,0,0,0,0,0,0,0,0,0,0,0,0,0,0,0,0,0,0,0
Haunter,1,1,1,0.4,0,0,0,0,0,1,1,1,1,1,1,1,0,0,1,0,1,0,1,1,1,0,1,1,1,1,1,1,1,1,0.6,0,0,0,1,1,1,1,1,1,1,1,1,1,1,1,0,0,0,1,1,0,0,0.1,0,1,1,0.1,0,1,1,1,1,1,1,1,1,1,1,1,0,0,0,0,0,0,1,0,0,0,1,0,1,0,1,0.5,0,1,0,0,1,0,0,0,1,1,1,1,1,1,0,1,1,1,1,0,1,0,1,0,0,0,1,0,1,0,0,0,1,0,1,0,0,0,0,0,0,0,0,0,0,0,0,0,0,0,0,0,0,0,0,0,0
Gengar,1,1,1,0.9,0.3,0,1,0,0,1,1,1,1,1,1,1,0,0,1,1,1,0,1,1,1,0,0,0,1,0,1,0,1,1,1,0,0,0,1,1,1,1,1,1,1,1,1,0.1,0,1,0,1,0,1,1,1,0,1,0,1,1,0.5,0,1,1,1,1,1,1,1,1,0,0,0,1,0,0,0,0,0,1,0,0,0,1,1,1,0.9,1,1,0.5,0,0,0,1,0.8,1,0,1,1,0,0,1,1,0,1,1,0,0,0,1,0,1,0.8,1,0,1,0,1,0,0,0,1,0,1,0,0,1,1,0,0,0,0,0,0,0,0,0,0,0,0,0,1,0,0,0,0
Onix,0,0,0,1,1,0,0,0,0,0,0,0,1,1,1,0,0,0,1,0.9,0,0,1,1,1,1,0,0,1,0,1,0,0,0,1,1,0,0,0,0,0,0,0,0,0,1,1,0,0,1,0,0,0,0,0,1,1,0,0,0,0.1,0,0,0,0,0,0,0,0,0.1,0,0,0,0,1,1,0,0,1,1,0,0,0,0,1,1,0,0,0,0,1,0.5,0,0,0,0,1,1,0,0,0,0,0,0,0,0,0,0,0,0,0,0,0,0,0,0,0,0,0,0,1,1,0,0,0,0,0,1,1,0,1,1,0,0.3,0,0.1,0,0,0,0,0,0,0,0,0,0,0
Drowzee,1,1,1,1,0,0,0.9,0,0,0,0,0,0.1,0,0,1,0,0,1,0.3,1,0,1,1,1,0,1,0,1,0.8,1,0.9,0,0,1,0,0,0,1,0.9,1,1,1,0,0,0,0,1,1,1,0,1,0,1,1,0.8,0,1,0,1,1,1,1,1,1,1,1,1,0.7,1,1,0.9,0.8,0,0.7,0,0,0,1,0,1,0,0,0,0.9,0.7,1,0.9,1,0,0,1,0.5,0,1,0.4,1,0,0,0,0.9,0,1,1,0,1,1,0,0,0,0,0,1,0.6,1,0,1,0,0,0,0,0,0,0,1,0,0,1,0.9,0,0,0,0,1,0,1,0,0,0,0,0,0,1,0,0,0,0
Hypno,1,1,1,1,1,0.1,1,1,0,0,0,0,1,1,1,1,1,0,1,1,1,1,1,1,1,1,1,0.5,1,1,1,1,1,0,1,1,0,0,1,1,1,1,1,1,0,1,1,1,1,1,1,1,0,1,1,1,0,1,1,1,1,1,1,1,1,1,1,1,1,1,1,1,1,0,1,1,0,0,1,0,1,1,1,0,1,1,1,1,1,1,1,1,1,0.5,1,1,1,1,1,0,1,1,1,1,0,1,1,0,0,0,1,0,1,1,1,0,1,1,0,1,1,1,0,0.4,1,0,0,1,1,0,1,1,1,1,1,1,1,0,0,0,0,0,1,1,0,0,0
Krabby,0,0,0,1,1,1,0,0,0,0,0,0,0,0,0,0,0,0,0,0,0,0,0,0,0,0,0,0,0,0,0,0,0,0,1,1,0,0,0,0,0,0,0,0,0,0,0,1,1,0,0,0,0,0,0,1,1,0,0,0,0,0,0,0,0,0,0,0,0,0,0,1,1,0,1,1,0,0,0,0,0,0,0,0,0,0,0,1,0,0,0,1,0,0,0.5,0,0,0,0,0,0,0,0,0,0,0,0,0.1,0,0,0,0,0,0,0,0,0.2,0,0,0,0,1,0,0,1,0,0,0,0,0,0,1,0,1,0,1,0,0,0,0,0,1,0,0,0,0,0
Kingler,0,0,0,1,1,1,1,0,0,0.4,0.2,0,0.8,0.2,0,0.8,0,0,1,0.2,0.8,0,1,0,0,0,1,0.8,0,0.5,0,0.5,0,0,1,1,0,0,0.6,0,0,0,0,0,0,0,0,1,1,0.8,0,0.4,0,0.8,0,1,1,0,0,0,1,0.7,0.3,0,0,0,0,0,0,1,0,1,1,1,1,1,0,0,1,0.1,1,0,0,1,0,0,1,1,1,0.2,0,1,0.4,0,1,0.5,0,0,0,0,1,1,0.1,0.2,0,0.1,0,1,1,0,0,0,1,0.1,1,0,1,0,0,1,0,1,0,0,1,0,0,0.1,0.2,0,0,1,0,1,1,1,1,0.5,0,1,0,1,0,0,0,0,0
Voltorb,0,0,0,0,0,1,1,1,0,0,0,1,0.2,0,0,1,1,1,1,0,1,1,0.9,0,1,0,0,0,0,0,0,0,0,0,0.4,0,0,0,1,1,0,0,0,0,0,0,0,0,0,0.1,0,1,0,0,0,0,0,1,1,0,1,0.1,0,0,0,0,0,0,0,1,0,0,0,0,0,0,0,0,1,1,1,1,1,0,0,0,1,0.7,1,0,0,0,0,0,1,0.5,0.5,0,0,0,0,0,0,0,0,0,0,0,0,0,0,0,1,1,1,0,1,0.8,1,0,0,0,0,0,1,1,0,0,0,0,0,0,0,1,0.9,1,0.7,1,0,1,1,1,0,0,0,0,0
Electrode,0,0,0,1,0.4,1,1,1,1,1,1,1,1,1,0,1,1,1,1,0.7,1,1,1,0,1,0,0,0,0,0,0,0,0,0,1,0,0,0,1,1,0,0,0,0,0,0,0,0,0,1,0,1,1,1,0,0.7,0,1,1,0.9,1,1,0.7,0,0,0,0,0,0,1,1,0,0,0,1,0,1,1,1,1,1,1,1,1,0,0,1,1,1,0.9,0,0,0,0,1,1,1,0.5,0,0,0,0,1,0.9,0,1,0,0,0,0,0,0,1,1,1,1,1,1,1,0,0,0,0,0,1,1,0,1,0.9,0,0,0,0,1,1,1,1,1,0,1,1,1,0,0,1,0,0
Exeggcute,0,0,0,0,0,0,1,1,1,0,0,0,0,0,0,0,0,0,1,0.8,0,0,0,0,1,1,1,1,0,0.9,0,1,0,0,0,0,0,0,0,0,0,0,0,0,0,0,0,1,1,1,0,1,1,1,1,0,0,1,1,1,1,1,1,1,1,1,0,0,0,1,1,1,1,1,0,0,1,1,1,0,0,0,1,1,0,0,1,1,0,0,0,1,0,0,1,1,1,1,0.5,0,1,1,1,1,0,0,0,1,1,0,0,0,1,1,1,1,1,1,0,0,1,0,0,0,1,0,0,1,0.8,1,1,0,0,1,1,1,1,0,0,0,0,0,0,0,0,0,0
Exeggutor,1,0,0,0,0,0,1,1,1,0,0,0,0,0,0,0,0,0,1,1,0,0,1,0,1,1,1,1,0,1,0,1,1,0.2,0,0,0,0,0,0,0.7,0,0,0,0,0,0,1,1,1,1,1,1,1,1,0,0,1,1,1,1,1,1,1,1,1,0.3,0,0,1,1,1,1,1,0,0,1,1,1,0,0,0,1,1,0,0,1,1,0,0,0,1,1,0.9,1,1,1,1,1,0.5,1,1,1,1,0.6,0.1,0,1,1,0,1,0,1,1,1,1,1,1,0,0,1,0,0,0.7,1,0.2,1,1,1,1,1,0,1,1,1,1,1,0,0,0,0,0,0.7,0,0,0,0
Cubone,0,0,0,1,1,0,0,0,0,0,0,0,1,1,1,0,0,0,1,0,0,0,1,1,1,1,0,0,1,1,1,1,0,0,1,0.7,0,0,0,0,0,0,0,0,0,1,1,1,1,0,0,0,0,0.1,0,1,0,0,0,0,1,0,0,0,0,0,0,0,0,1,0,1,1,1,1,1,0,0,1,1,0,0,0,0,1,1,0,0,0,0,1,1,0,0,0,0,1,1,0,0,0.5,0,0,0,0,0,0,1,1,0,0,0,0,0,0,0,0,0,0,0,1,1,0,0,0.1,0,0,0,0,0,1,1,0,1,0.9,1,1,0,0,0,0,0,0,0,0,0,0
Marowak,1,0,0,1,1,0,0,0,0,0,0,0,1,1,1,0,0,0,1,0.8,0,0,1,1,1,1,0.9,0,1,1,1,1,0,0,1,1,0,0,0,0,1,0,0,0,0,1,1,1,1,1,0,0,0,1,0,1,0.9,0,0,0,1,1,1,0,0,0,1,0,0,1,1,1,1,1,1,1,0,0,1,1,0,0,0,0,1,1,0,0,0,0,1,1,0.1,0,0,0,1,1,0,0,1,0.5,0.9,1,0,0,0,1,1,0,0,0,0,0,0,0,0,0,0,0,1,1,0,0,0.1,0,0,1,1,0,1,1,0,1,1,1,1,0,0,0,0,0,1,0,0,0,0
Hitmonlee,0,0,0,0.7,0,0,0,0,0,1,0.1,0,0,0,0,0,0,0,1,1,0,0,0,0,1,0,0,0,0,0,0,0,0,0,1,0,0,0,0,0,0,0,0,1,0,0,0,1,1,1,1,0,0,0.7,0,0,0,0.6,0,0,0,0,0,0,0,0,0,0,0,0,0,1,1,1,0,0,0,0,1,1,0,0,0,0,0,0,1,1,0,0,0,1,0,0,1,0,0.3,0,0,0,0,0,0.5,0,0,0,0,1,1,0,0,0,1,0,0,0,1,0,0,0,0,0,0,0.8,1,0,0,1,1,0,0,0,1,1,1,1,1,0,0,0,0,0,0.1,0,0,0,0
Hitmonchan,0,0,0,0.9,0,0,0,0,0,1,0.1,0,0,0,0,0,0,0,1,1,0,0,0,0,1,0,0,0,0,0,0,0,0,0,0.8,0,0,0,0,0,0,0,0,1,0,0,0,1,1,1,1,0,0,0.6,0,0,0,0.3,0,0,0,0,0,0,0,0,0,0,0,0,0,1,1,1,0,0,0,0,1,1,0,0,0,0,0,0,1,1,0,0,0,1,0,0,1,0,0.1,0,0,0,0,0,0,0.5,0,0,0,1,1,0,0,0,1,0,0,0,1,0,0,0,0,0,0,0.5,1,0,0,1,1,0,0,0,1,1,1,1,1,0,0,0,0,0,0.3,0,0,0,0
Lickitung,1,1,0,1,1,0.1,1,1,0,1,1,1,1,1,1,1,1,0,1,1,1,1,1,1,1,1,1,0.5,1,0,1,0,1,0,1,0.9,0,0,1,0.6,1,1,0.2,1,1,1,1,1,1,1,1,1,0,0,0,1,0,1,1,0,1,1,1,0,0,0,1,1,0,1,0,0,0,0,1,1,0,0,1,0,1,1,1,0,0,0,1,1,1,1,1,1,1,0,1,1,1,1,1,0,1,1,0,0,0.5,1,1,0,0,0,1,0,1,1,1,0,1,1,1,1,1,1,1,0.7,1,0,0,1,1,0,1,1,1,1,0,1,0,0,0,0,0,0,1,1,0,0,0
Koffing,1,1,1,0.2,0,0,0,0,0,1,1,1,1,1,1,0,0,0,1,0,0.1,0,1,0,1,0,1,1,0,1,0,1,1,1,0.6,0,1,1,0.1,0,1,1,1,1,1,1,1,1,1,0.1,0,0,0,1,1,0,0,0.1,0,0,0,0,0,1,0,0,1,1,1,0,0,1,1,1,0,0,0,0,0,0,1,0,0,0,0,0,1,0,0,0,0,1,0,0,0.9,0,0,0,1,0,1,1,1,1,0,0.5,0,1,1,0,1,0,1,0,0,0,1,0,1,0,0,0,1,0,1,0,0,0,0,0,0,0,0,0,0,0,0,0,0,0,0,0,0,0,0,0,0
Weezing,1,1,1,1,0.4,0,1,0.2,0,1,1,1,1,1,1,1,0,0,1,0.9,1,0,1,0.3,1,0,1,1,0,1,0.2,1,1,1,1,0,1,1,1,0,1,1,1,1,1,1,1,1,1,1,0,1,0,1,1,1,0,1,0,1,0,0,0,1,1,1,1,1,1,1,0,1,1,1,1,0,0,0,0,0,1,0,0,0,0,0,1,1,0.7,0,0,1,0,0,1,0.8,1,0.1,1,1,1,1,1,1,0,1,0.5,1,1,0,1,0,1,0.8,1,0,1,0,1,0,0,0,1,0,1,0,0,1,0.9,0,0,0,0,0,0,0.1,0,0,0,0,0,0,1,0,0,0,0
Rhyhorn,1,1,0,1,1,0,0,0,0,1,1,0,1,1,1,0,0,0,1,1,0,0,1,1,1,1,0,0,1,1,1,1,1,0,1,1,1,1,0,0,1,1,0.7,0,0,1,1,1,0,1,1,0,0,0,0,1,1,0,0,0,1,1,1,0,0,0,1,1,0,1,1,1,1,0,1,1,0,0,1,1,0,0,0,0,1,1,0,0,0,0,1,1,1,0,0,0,1,1,0,0,0,0,0,0,1,0,0,0.5,0,0,0,1,0,0,0,0,0,0,0,1,1,1,1,1,0.3,0,0,1,1,0,1,1,1,1,0.9,1,1,0,0,0,0,0,1,1,0,0,0
Rhydon,1,1,1,1,1,0,0,0,0,1,1,0,1,1,1,0,0,0,1,1,0,0,1,1,1,1,0,0,1,1,1,1,1,0.8,1,1,1,1,1,0,1,1,1,0,0,1,1,1,0,1,1,0,0,0,0,1,1,0,0,0,1,1,1,0,0,0,1,1,1,1,1,1,1,1,1,1,0,0,1,1,0,0,0,0,1,1,0,0,0,0,1,1,1,1,0,0,1,1,0,0,0,0,0,0,1,0,0,1,0.5,1,0,1,0,0,0,0,0,0,0,1,1,1,1,1,0.5,0,0,1,1,0,1,1,1,1,1,1,1,0,1,0,1,0,1,1,0,0,0
Chansey,1,1,1,1,1,1,1,1,1,1,1,1,1,1,1,1,1,1,1,1,1,1,1,1,1,1,1,1,1,1,1,1,1,1,1,1,1,1,1,1,1,1,1,1,1,1,1,1,1,1,1,1,1,1,1,1,1,1,1,0,1,1,1,1,0,0,1,1,1,1,1,1,1,0,1,1,1,1,1,1,1,1,1,1,1,1,1,1,1,1,1,1,1,1,1,1,1,1,1,1,1,1,1,1,1,1,1,1,0,0.5,1,1,1,1,1,1,1,1,1,1,1,1,1,1,1,1,1,1,1,1,1,1,1,1,1,1,1,0.3,0.4,1,1,1,1,1,1,1,1
Tangela,0,0,0,0,0,0,1,1,1,0,0,0,0,0,0,0,0,0,1,0.9,0,0,0,0,1,1,1,1,0,0,0,0,0,0,0,0,0,0,0,0,0,0,0,0,0,0,0,1,1,1,0,1,1,1,0,0,0,1,1,1,1,1,1,0,0,0,0,0,0,1,0,1,1,1,0,0,1,1,1,1,0,0,1,1,0,0,1,1,0,0,0,1,0,0,1,1,1,1,0.1,0,1,1,1,1,0,0,0,1,1,0,0.5,0,1,1,1,1,1,1,0,0,1,0,0,0,1,0,0,1,0.9,1,1,0,0,1,1,1,1,0,0,0,0,0,0,0,0,0,0
Kangaskhan,1,1,1,1,1,1,1,1,1,1,1,1,1,1,1,1,1,1,1,1,1,1,1,1,1,1,1,1,1,1,1,1,1,0.4,1,1,0,0,1,1,1,1,1,1,1,1,1,1,1,1,1,1,1,0.5,0,1,1,1,1,0,1,1,1,0,0,0,1,1,1,1,1,1,0,0,1,1,1,0.3,1,0,1,1,1,1,1,0,1,1,1,1,1,1,1,1,1,1,1,1,1,0.6,1,1,0,0,1,1,1,0,0,0,1,0.5,1,1,1,1,1,1,1,1,1,1,1,1,1,0.7,0,1,1,0,1,1,1,1,0,1,0,0,0,1,1,1,1,1,1,0,0
Horsea,0,0,0,1,1,1,0,0,0,0,0,0,0,0,0,0,0,0,0,0,0,0,0,0,0,0,0,0,0,0,0,0,0,0,1,1,0,0,0,0,0,0,0,0,0,0,0,1,0.9,0,0,0,0,0,0,1,0.8,0,0,0,0,0,0,0,0,0,0,0,0,0,0,1,1,0.2,1,1,0,0,0,0,0,0,0,0,0,0,0,1,0,0,0,1,0,0,0,0,0,0,0,0,0,0,0,0,0,0,0,0,0,0,0,0,0.5,0,0,0,0,0,0,0,0,1,0,0,1,0,0,0,0,0,0,1,0,1,0,1,0,0,0,0,0,0.9,0,0,0,0,0
Seadra,0,0,0,1,1,1,1,0,0,0.5,0.4,0,0.3,0,0,0.2,0,0,1,0.1,0.5,0,1,0,0,0,1,0.3,0,0.1,0,0.2,0,0,1,1,0,0,0.6,0,0,0,0,0,0,0,0,1,1,0.2,0,0.1,0,0.3,0,1,1,0,0,0,1,0.3,0.5,0,0,0,0,0,0,1,0,1,1,1,1,1,0,0,1,0,1,0,0,1,0,0,1,1,1,0.2,0,1,0,0,1,0,0,0,0,0,1,1,0.1,0,0,0.1,0,1,1,0,0,0,1,0.5,1,0,1,0,0,1,0,1,0,0,1,0,0,0.1,0.2,0,0,1,0,1,1,1,1,0.1,0,1,0,1,0,0,0,0,0
Goldeen,0,0,0,1,1,1,0,0,0,0,0,0,0.3,0,0,0.2,0,0,1,0,0.4,0,1,0,0,0,1,0.7,0,0,0,0,0,0,1,1,0,0,0,0,0,0,0,0,0,0,0,1,1,0.1,0,0,0,0.1,0,1,1,0,0,0,1,0.3,0,0,0,0,0,0,0,0.1,0,1,1,1,1,1,0,0,1,0,1,0,0,0,0,0,1,1,1,0,0,1,0,0,1,0,0,0,0,0,1,1,0,0,0,0,0,1,1,0,0,0,1,0,0.5,0,1,0,0,1,0,1,0,0,1,0,0,0,0,0,0,1,0,1,1,1,1,0,0,0,0,1,0,0,0,0,0
Seaking,0,0,0,1,1,1,1,1,0,1,1,1,1,1,0.9,1,1,0,1,1,1,0.9,1,1,0.9,0,1,1,1,1,1,1,1,0,1,1,0,0,1,0.9,0,0,0,0,0,1,1,1,1,1,1,1,0,1,1,1,1,0,0,0,1,1,1,1,0,0,0,0,0,1,0,1,1,1,1,1,0,0,1,1,1,0.8,1,1,0,0,1,1,1,1,1,1,1,0,1,1,0.3,0,0,0,1,1,1,1,0,1,1,1,1,0,0,0,1,1,1,0.5,1,1,0.9,1,0,1,0.9,0.6,1,0,0,1,1,0,0,1,1,1,1,1,1,1,0,1,0,1,0,0,0,0,0
Staryu,0,0,0,1,1,1,0,0,0,0,0,0,0,0,0,0,0,0,0,0,0,0,0,0,0,0,0,0,0,0,0,0,0,0,1,1,0,0,0,0,0,0,0,0,0,0,0,1,1,0,0,0,0,0,0,1,0.8,0,0,0,0,0,0,0,0,0,0,0,0,0,0,1,1,0,1,1,0,0,0,0,0,0,0,0,0,0,0,1,0,0,0,1,0,0,0,0,0,0,0,0,0,0,0,0,0,0,0,0.1,0,0,0,0,0.1,0,0,0,0.5,0,0,0,0,1,0,0,1,0,0,0,0,0,0,1,0,1,0,1,0,0,0,0,0,1,0,0,0,0,0
Starmie,0,0,0,1,1,1,1,0,0,0,0,0,0.2,0,0,1,0,0,1,1,1,0,1,1,0,0,1,1,1,1,1,1,0,0,1,1,0,0,1,1,0,0,0,0,0,0,0,1,1,1,0,1,0,1,1,1,1,0,0,0,1,1,1,1,1,1,0,0,0,1,1,1,1,1,1,1,0,0,1,0,1,0,0,1,1,1,1,1,1,0,0,1,0,0,1,0.9,0,0,0,0,1,1,1,1,0,1,1,1,1,0,0,0,1,0.9,1,0,1,0.5,0,1,0,1,0,0,1,0,0,1,0.9,0,0,1,0,1,1,1,1,1,0,1,0,1,0,0,0,0,0
Scyther,1,1,1,0,0,0,1,0.3,0,1,1,0.3,1,1,1,0,0,0,1,1,0,0,0,0,0,0,1,1,0,1,0,1,0,0,0,0,0,0,0,0,1,1,1,1,1,1,1,1,1,1,0,1,0,1,1,0,0,1,0,1,1,1,1,1,1,1,1,1,1,0,0,1,1,1,0,0,1,1,0,0,0,0,0,0,0,0,1,0,0,0,0,1,1,1,1,0.9,0,0,1,1,1,1,1,1,0,0,0,1,1,0,1,0,1,0.8,1,0,1,1,0.5,0,0,0,1,0,1,0,0,1,1,0,0,0,0,0,0,0,0,0,0,0,0,0,1,0,0,1,1
Jynx,1,1,1,0,0,0,0,0,0,0,0,0,0.3,0,0,1,1,1,1,0.8,1,1,1,1,1,0,1,1,1,1,1,1,0,0,0,0,0,0,1,1,1,1,1,0.9,0,0,0,1,1,1,0,0,0,1,1,0,0,0,0,0,1,1,1,1,1,1,1,1,1,1,0,0.1,0,0,0,0,0,0,0,0,1,1,0,0,1,1,0,0,1,0,0,0.9,0,0,0,0,1,0,1,1,1,1,1,1,0,1,1,0,0,0,1,0,0,0,0,0,0,0,0,0.5,0,0,0,0,1,0,0,1,0.9,0,0,0,0,0,0,0,0,0,0,1,1,0,1,1,1,0,0
Electabuzz,0,0,0,1,0.2,1,1,1,1,1,1,1,1,1,0,1,1,1,1,1,1,1,1,0,1,0,0,0,0,0,0,0,0,0,1,0,0,0,1,1,0,0,0,0,0,0.1,0,0,0,1,0,1,1,1,0,1,0,1,1,1,1,1,1,0,0,0,0,0,0,1,1,0,0,0,1,0,1,1,1,1,1,1,1,1,0,0,1,1,1,1,0.1,0,0.1,0,1,1,1,0.2,0,0,0,0,1,1,0,1,0,0,0,0,0,0,1,1,1,1,1,1,1,0,0.5,0,0,0,1,1,0,1,1,0,0,0,0,1,1,1,1,1,0,1,1,1,0,0,1,0,0
Magmar,1,1,1,1,0,0,0,0,0,1,1,1,1,1,1,1,0,0,1,1,1,0,1,0,1,0.2,0,0,0,0,0,0,1,1,0,0,1,0,1,0,1,1,1,1,1,1,1,1,0,1,0,0,0,1,0,1,0,0,0,0,1,1,0.9,0,0,0,1,1,1,0,0,0,0,0,1,0,0,0,1,1,1,0,0,0,0,0,0,1,1,1,0,0,0.1,0,0,0,1,0,1,1,0,0,1,1,0,1,0,0,0,0,1,0,0,0,0,0,0,0,1,1,0,0.5,1,0,0,0,0,1,1,0,0,0,0,0,0,0,0,0,0,1,0,0,0,0,0,0,0
Pinsir,1,1,1,0,0,0,1,0.3,0,1,1,0,0,0,0,0,0,0,1,1,0,0,0,0,1,0.4,1,1,0,0,0,0,0,0,0,0,0,0,0,0,1,1,1,1,1,0,0,1,1,1,0,1,0,1,0.3,0,0,1,0,0,1,1,1,0,0,0,1,1,1,0,0,1,1,0,0,0,1,1,1,0,0,0,0,0,0,0,1,1,0,0,0,1,1,1,1,1,1,0,1,1,1,1,1,1,0,0,0,0,0,0,1,0,1,0.8,1,0,1,1,0,1,0,0,0.5,0,1,0,0,1,1,0,0,0,0,0,0,0,0,0,0,0,0,0,1,0,0,1,1
Tauros,1,0.6,0,1,0.7,0.1,1,0.4,0,1,1,0.5,1,1,0.2,1,0.4,0,1,1,1,0.1,1,0.2,1,0.7,1,0.4,0.4,0,0.7,0,0.5,0,1,0.2,0,0,1,0.1,1,0.4,0.2,1,0,0.5,0.4,1,1,1,0.7,1,0.1,0.1,0,1,0,1,0.3,0,1,1,1,0,0,0,1,0.4,0,1,0,0,0,0,1,0.3,0,0,1,0,1,0.5,0.4,0,0,0,1,1,1,1,1,0.2,0.7,0,1,1,1,0.6,0.6,0,1,0.6,0,0,0,1,0.4,0,0,0,0.5,0,1,1,1,0,1,0.5,0.3,0.3,0.3,0.2,0.1,0.5,1,0,0,1,1,0,0.9,0.1,0.7,0.5,0,0.1,0,0,0,0,0,0,1,0.5,0,0,0
Magikarp,0,0,0,0.8,1,0,0,0,0,0,0,0,0,0,0,0,0,0,0,0,0,0,0,0,0,0,0,0,0,0,0,0,0,0,1,0.2,0,0,0,0,0,0,0,0,0,0,0,0.7,0.9,0,0,0,0,0,0,1,0,0,0,0,0,0,0,0,0,0,0,0,0,0,0,1,0.9,0,1,0.7,0,0,0,0,0,0,0,0,0,0,0,0,0,0,0,0.8,0,0,0,0,0,0,0,0,0,0,0,0,0,0,0,0.1,0,0,0,0,0,0,0,0,0,0,0,0,0,0.8,0,0,0.5,0,0,0,0,0,0,0.7,0,1,0,1,0,0,0,0,0,0,0,0,0,0,0
Gyarados,1,1,0.4,1,1,1,1,1,1,1,1,1,1,1,1,1,1,0.5,1,1,1,1,1,1,0,0,1,1,1,1,1,1,1,0.5,1,1,0,0,1,1,1,1,1,1,1,1,1,1,1,1,1,1,1,1,1,1,1,0,0,0,1,1,1,1,1,1,1,1,0.2,1,1,1,1,1,1,1,0.8,0.1,0,0,1,1,1,0.9,1,0,1,1,1,1,1,1,1,0.7,1,1,0,0,1,0.5,1,1,1,1,0.8,1,1,1,1,0,1,0,1,1,1,1,1,1,1,1,0,1,1,0.8,1,0.5,0,1,1,0,0,1,1,1,0,1,0,0,0,0.4,0,1,0.7,0,0,0,0
Lapras,1,0,0,1,1,1,1,1,1,1,1,1,1,1,1,1,1,1,1,1,1,1,1,1,1,0,1,1,1,1,1,1,1,1,1,1,1,0,1,1,1,0,0,1,0,1,1,1,1,1,1,1,1,1,0,1,1,1,1,1,1,1,1,0,0,0,1,0,0,1,1,1,1,1,1,1,1,1,1,0,1,1,1,1,1,1,1,1,1,1,1,1,1,1,1,1,1,0,0,0,1,1,1,1,1,1,1,1,1,0,0,1,1,1,1,1,1,1,1,1,0,1,1,1,1,1,0.5,1,1,0,0,1,1,1,1,1,1,1,0,1,1,1,1,1,1,1,1
Ditto,0,0,0,0.1,0,0,0,0,0,0,0,0,0.2,0,0,0.1,0,0,1,0,0.3,0,1,0,1,0,0,0,0,0,0,0,0,0,0.6,0,0,0,0.1,0,0,0,0,1,0,0,0,1,1,0.1,0,0,0,0,0,0,0,0,0,0,1,0.1,0,0,0,0,0,0,0,0.2,0,0,0,0,0,0,0,0,0,0,1,0,0,0,0,0,1,0,1,1,0,0,0,0,1,0,0.2,0,0,0,0,0,0,0,0,0,0,0,0,0,0,0,1,0,0,0,1,0,0,0,0,0,0,0,1,0,0,0.5,0,0,0,0,0,0,0,0,0,0,0,0,0,0,0,0,0,0,0
Eevee,0.1,0,0,0.7,0,0,0,0,0,0,0.3,0,0.2,0.3,0,0.2,0,0,1,0,0.1,0,1,0,1,0,0,0,0,0,0,0,0,0,0.8,0,0,0,0,0,0.1,0,0,1,0,0,0,1,1,0.3,0,0.3,0,0,0,0.2,0,0.5,0,0,1,0.1,0,0,0,0,0,0,0,0.1,0,0,0,0,0.1,0,0,0,0.3,0,1,0,0,0,0,0,1,0.1,1,1,0,0,0,0,1,0,0.4,0,0,0,0.1,0,0,0,0,0,0,0,0,0,0,0,1,0.1,0,0,1,0,0,0,0,0,0,0,1,0,0,0,0.5,0,0,0,0,0,0,0,0,0,0,0,0,0,0,0,0,0,0
Vaporeon,0,0,0,1,1,1,1,1,1,1,1,1,1,1,1,1,1,1,1,1,1,1,1,1,1,0.2,1,1,1,1,1,1,1,1,1,1,1,0,1,1,0,0,0,0,0,1,1,1,1,1,1,1,1,1,1,1,1,1,1,1,1,1,1,1,1,1,0,0,0,1,1,1,1,1,1,1,1,1,1,1,1,1,1,1,1,1,1,1,1,1,1,1,1,1,1,1,1,0,0,0,1,1,1,1,1,1,1,1,1,0,0,1,1,1,1,1,1,1,1,1,0,1,1,1,1,1,0,1,1,0.5,0,1,1,1,1,1,1,1,0,1,0,1,1,0.1,0,1,1
Jolteon,0,0,0,1,0.2,1,1,1,1,1,1,1,1,1,0,1,1,1,1,1,1,1,1,0,1,1,0,0,0,0,0,0,0,0,1,0,0,0,1,1,0,0,0,0,0,0,0,0,0,1,0,1,1,1,0,1,0,1,1,1,1,1,1,0,0,0,0,0,0,1,1,0,0,0,1,0,1,1,1,1,1,1,1,1,0,0,1,1,1,1,0,0,0.2,0,1,1,1,1,0,0,0,0,1,1,0,1,0,0,0,0,0,0,1,1,1,1,1,1,1,0,1,0,0,0,1,1,0,1,0.8,0,0.5,0,0,1,1,1,1,1,0,1,1,1,0,0,1,0,0
Flareon,1,1,1,1,1,1,0,0,0,1,1,1,1,1,1,1,0,0,1,0.9,1,0,1,0.2,1,0.3,0,0,0,0,0.2,0,1,1,1,0,1,0,1,0,1,1,1,1,1,1,1,1,0,1,0,0,0,1,0,1,1,0,0,0,1,1,1,0,0,0,1,1,1,0,0,0,0,0,1,1,0,0,1,1,1,0.1,0,0,0,0,0,1,1,1,0.1,0,0.4,0,0,0,1,0.1,1,1,0,0,1,1,0,1,0,0,0,0,1,0,0,0,0,0,0,0,1,1,0,1,1,0,0,0,0,1,1,0,0,0.5,0,0,0,0,0,0,0,1,0,1,0,0,0,0,0
Porygon,1,0,0,1,0.1,0,1,0,0,1,1,0,1,1,0,1,0,0,1,1,1,0,1,0,1,0,1,0,0,0,0,0,0,0,1,0,0,0,1,0,1,0,0,1,0.1,0,0,1,1,1,0,1,0,0,0,0.9,0,1,0,0,1,1,1,0,0,0,1,0,0,1,0,0,0,0,1,0,0,0,1,0,1,0,0,0,0,0,1,1,1,1,1,0,0,0,1,0.9,1,0.1,0,0,1,0,0,0,0,1,0,0,0,0,0,0,1,0.8,1,0,1,0,0,0,0,0,0,0,1,0,0,1,1,0,0,0,0.5,0,0,0,0,0,0,0,0,0,1,0,0,0,0
Omanyte,0,0,0,1,1,1,0,0,0,0.1,0,1,1,1,1,1,1,1,1,0.9,1,1,1,0,0,0,0,0,0,0,0,0,0,0,1,1,0,0,1,1,0,0,0,0,0,1,1,0.2,0,1,0,0,0,0,0,1,1,0,0,0,0.1,0,0,0,0,0,0,0,0,0,0,0,0,0,1,1,0,0,0,0,1,1,0,0,0,0,0,1,1,1,0,0.1,0,0,0,0,0,0,0,0,0,0,0,0,0,1,0,0,0,0,0,0,0,0,0,0,0,0,1,1,0,1,0,0,0,0,0,1,0.8,0,0,1,0,0.5,0,0,0,1,0,1,0,1,0,0,0,0,0
Omastar,0,0,0,1,1,1,0,0,0,1,1,1,1,1,1,1,1,1,1,1,1,1,1,1,0,0,0,0,1,0,1,0,0,0,1,1,1,0,1,1,0,0,0,0,0,1,1,1,0,1,1,0,0,0,0,1,1,0,0,0,1,1,1,0,0,0,0,0,0,1,0,0.3,0,0,1,1,0,0,0,0,1,1,0,1,1,1,0,1,1,1,1,0.8,0,0,0,0,0,0,0,0,0,0,0,0,1,1,1,0,0,0,0,1,0,0,0,0,0,0,1,1,0,1,1,1,1,1,0,1,1,0,0,1,1,1,0.5,1,0,1,0,1,1,1,0,0,1,0,0
Kabuto,0,0,0,1,1,1,0,0,0,0,0,1,1,1,1,1,1,1,1,1,1,1,1,0,0,0,0,0,0,0,0,0,0,0,1,1,0,0,1,1,0,0,0,0,0,1,1,0,0,1,0,0,0,0,0,1,1,0,0,0,0,0,0,0,0,0,0,0,0,0,0,0,0,0,1,1,0,0,0,0,1,1,0,0,0,0,0,0.9,1,1,0.1,0,0,0,0,0,0,0,0,0,0,0,0,0,0,1,0,0,0,0,0,0,0,0,0,0,0,0,1,1,0,1,0,0,0,0,0,1,1,0,0,1,0,0,0,0.5,1,1,0,1,0,1,0,0,0,0,0
Kabutops,0,0,0,1,1,1,0,0,0,1,1,1,1,1,1,1,1,1,1,1,1,1,1,1,0,0,0,0,1,0,1,0,0,0,1,1,1,0,1,1,0,0,0,0,0,1,1,1,0,1,1,0,0,0,0,1,1,0,0,0,1,1,1,0,0,0,0,0,0,1,0,0.1,0,0,1,1,0,0,0,0,1,1,0,1,1,1,0.1,1,1,1,1,1,0,0,0,0,0,0,0,0,0,0,0,0,1,1,1,0,0,0,0,1,0,0,0,0,0.1,0,1,1,0,1,1,1,1,1,0,1,1,0,0,1,1,1,0,1,0.5,1,0,1,1,1,0,0,1,0,0
Aerodactyl,1,1,1,1,1,1,0,0,0,1,1,1,1,1,1,1,1,1,1,1,1,1,1,1,0,0,1,1,1,1,1,1,1,0,1,1,1,1,1,1,1,1,1,1,1,1,1,1,1,1,1,0,0,1,1,1,1,0.3,0,0,1,1,1,0.9,0,0,1,1,1,1,0,1,1,1,1,1,0,0,0,0,1,1,0,0,1,1,0.6,0,1,1,1,1,1,0,0.9,0,0,0,1,1,1,1,1,1,1,1,1,1,1,0,1,1,1,0,0,0,1,0,1,0.9,0,1,1,1,1,1,0,1,1,0,0,1,1,0,0,0,0,0.5,0,1,0,1,1,1,1,0,0
Snorlax,1,1,1,1,1,1,1,1,1,1,1,1,1,1,1,1,1,1,1,1,1,1,1,1,1,1,1,1,1,1,1,1,1,1,1,1,1,1,1,1,1,1,1,1,1,1,1,1,1,1,1,1,1,1,1,1,1,1,1,0,1,1,1,1,0.1,0,1,1,1,1,1,1,1,0,1,1,1,1,1,1,1,1,1,1,1,1,1,1,1,1,1,1,1,1,1,1,1,1,1,1,1,1,1,1,1,1,1,0,0,0,1,1,1,1,1,1,1,1,1,1,1,1,1,1,1,1,1,1,1,1,1,1,1,1,1,1,1,0,0.5,1,1,1,1,1,1,1,1
Articuno,1,1,1,0,0,0,0.1,0,0,1,1,1,1,1,1,1,1,1,1,1,1,1,1,1,0,0,1,1,1,1,1,1,1,0,0,0,0,0,1,1,1,1,1,1,1,1,1,1,1,1,1,0,0,1,1,0,0,0.2,0,0.1,1,1,1,1,1,1,1,1,1,0.3,0,1,1,1,0,0,0,0,0,0,1,1,0,0,0.2,0,1,0,1,1,1,1,1,0,1,0,0,0,1,1,1,1,1,1,0,1,1,1,1,0,1,0,1,0,0,0,1,0,1,0,0,0,1,0.7,1,0,0,1,1,0,0,0,1,0,0,0,0,0,0,0.5,0,0,1,1,1,0,0
Zapdos,1,1,1,1,1,1,1,1,1,1,1,1,1,1,1,1,1,1,1,1,1,1,1,1,0,0,1,1,1,0,1,1,1,0,1,1,0,0,1,1,1,1,1,1,1,1,1,1,1,1,1,1,1,1,1,1,0,1,1,1,1,1,1,1,1,1,1,1,1,1,1,1,1,1,1,1,1,1,0,0,1,1,1,0,0,0,1,1,1,1,1,1,1,0,1,1,0,0,1,1,1,1,1,1,0,1,1,1,0,0,1,0,1,1,1,1,1,1,1,0,0,1,1,0.4,1,1,0,1,1,1,0,1,1,0.9,0,1,0,0,0,1,0.5,1,0,0,1,0,0
Moltres,1,1,1,1,1,1,0,0,0,1,1,1,1,1,1,1,1,0.1,1,1,1,1,1,1,0,0,1,1,1,1,1,1,1,1,0,0,1,1,1,1,1,1,1,1,1,1,1,1,1,1,1,0,0,1,1,1,0,0,0,0,1,1,1,1,1,1,1,1,1,0,0,1,1,1,1,1,0,0,1,0,1,1,0,0,0.1,0,0,0,1,1,1,1,1,0,0,0,0,0,1,1,1,1,1,1,0,1,1,1,1,0,1,0,0,0,0,0,0,0,1,1,0,1,1,0.7,0,0,0,1,1,0,0,0,1,0,0,0,0,0,0,1,0,0.5,0,0,0,0,0
Dratini,1,1,0,1,1,0.2,1,1,0,0,0,0,0.1,0,0,0.1,0,0,1,0,0.2,0,1,0,1,1,0,0,0,0,0,0,0,0,1,0.8,0,0,0.1,0,1,1,0.8,1,0.9,0,0,1,1,0.4,0,1,0,0.1,0,1,0,1,1,0,1,0.3,0,0,0,0,1,1,0,1,0,0,0,0,1,1,0,0,1,0,0.9,0,1,0,0,0,1,0,1,0,0,1,0,0,1,0.9,1,1,1,0,0,0,0,0,0,0,0,0,0,0,1,0,1,1,1,0,1,1,0,0,1,1,0,0,1,0,0,0,0,0,1,0.9,0,1,1,1,0.9,0,0,0,0,0,0.5,0,0,0,0
Dragonair,1,1,1,1,1,1,1,1,1,1,1,0.1,1,1,0,1,0,0,1,1,1,0,1,0.2,1,1,1,0,0,0,0,0,0,0,1,1,0,0,1,0,1,1,1,1,1,0,0,1,1,1,0,1,1,1,0,1,1,1,1,1,1,1,0.9,0,0,0,1,1,1,1,1,1,1,0,1,1,1,1,1,1,1,0,1,0,0,0,1,1,1,1,0,1,0,0,1,1,1,1,1,1,1,0,1,1,0,1,0,0,0,0,1,0,1,1,1,1,1,1,0,0,1,1,0,0,1,1,0,1,1,0,1,1,0,1,1,1,1,0,0,0,1,1,0.1,0.5,0,0,0
Dragonite,1,1,1,1,1,1,1,1,1,1,1,1,1,1,1,1,1,0.1,1,1,1,1,1,1,1,0,1,1,1,1,1,1,0,0,1,1,0,0,1,0.8,1,1,1,1,1,1,1,1,1,1,1,1,1,1,1,1,1,1,1,1,1,1,1,1,1,1,1,1,1,1,1,1,1,1,1,1,1,1,0,0,1,1,1,0,0.4,0,1,0,1,1,1,1,1,0.1,1,1,0.6,0,1,1,1,1,1,1,0.1,1,1,1,1,0,1,0,1,1,1,1,1,1,1,0,0,1,1,0.7,1,1,0,1,1,1,0,1,1,1,0,1,0,0,0,0,0,1,1,1,0.5,0,0
Mewtwo,1,1,1,1,1,1,1,1,1,0,0,0,1,1,1,1,1,1,1,1,1,1,1,1,1,1,1,1,1,1,1,1,1,0.8,1,1,0,0,1,1,1,1,1,1,0,1,1,1,1,1,1,1,1,1,1,1,1,1,1,1,1,1,1,1,1,1,1,1,1,1,1,1,1,1,1,1,1,1,1,0,1,1,1,1,1,1,1,1,1,1,1,1,1,1,1,1,1,1,1,0.9,1,1,1,1,1,1,1,1,0,0,1,0,1,1,1,1,1,1,0,1,1,1,0,1,1,0.8,0,1,1,0,1,1,1,1,1,1,1,1,0,1,1,1,1,1,1,0.5,0.9
Mew,1,1,1,1,1,1,1,1,1,0,0,0,1,1,1,1,1,1,1,1,1,1,1,1,1,1,1,1,1,1,1,1,1,0.7,1,1,0,0,1,1,1,1,1,1,0,1,1,1,1,1,1,1,1,1,1,1,1,1,1,1,1,1,1,1,1,1,1,1,1,1,1,1,1,1,1,1,1,0.4,1,0,1,1,1,1,1,1,1,1,1,1,1,1,1,1,1,1,1,1,1,0.4,1,1,1,1,1,1,1,1,0,0,1,0,1,1,1,1,1,1,0,1,1,1,0,1,1,0.8,0,1,1,0,1,1,1,1,1,1,1,1,0,0.9,1,1,1,1,1,0.9,0.5
